Salon ID;Salon Name;Street;Postal Code;City;Phone;Specialization;Source/Marker;Notes
GL-0001;Berlin The Art of Hair #1;Kurfürstendamm 146;10117;Berlin;+49 694 238486;Keratin Bonds, Luxury Hair Extensions & Premium Care;GL - Great Lengths Partner;GL Premium Partner / High-End Ext. & Care
GL-0002;Berlin Exclusiv Friseur #2;Friedrichstraße 82;10118;Berlin;+49 861 978252;Keratin Bonds, Luxury Hair Extensions & Premium Care;GL - Great Lengths Partner;GL Premium Partner / High-End Ext. & Care
GL-0003;Berlin Haarverlängerung Meister #3;Tauentzienstraße 49;10119;Berlin;+49 470 698672;Keratin Bonds, Luxury Hair Extensions & Premium Care;GL - Great Lengths Partner;GL Premium Partner / High-End Ext. & Care
GL-0004;Berlin Top Hair Studio #4;Uhlandstraße 14;10120;Berlin;+49 607 921777;Keratin Bonds, Luxury Hair Extensions & Premium Care;GL - Great Lengths Partner;GL Premium Partner / High-End Ext. & Care
GL-0005;Berlin Premium Coiffeur #5;Schlüterstraße 59;10121;Berlin;+49 276 382902;Keratin Bonds, Luxury Hair Extensions & Premium Care;GL - Great Lengths Partner;GL Premium Partner / High-End Ext. & Care
GL-0006;Berlin Luxury Hair Lounge #6;Bleibtreustraße 7;10122;Berlin;+49 857 624546;Keratin Bonds, Luxury Hair Extensions & Premium Care;GL - Great Lengths Partner;GL Premium Partner / High-End Ext. & Care
GL-0007;Berlin Haarverlängerung Meister #7;Grolmanstraße 54;10117;Berlin;+49 891 446799;Keratin Bonds, Luxury Hair Extensions & Premium Care;GL - Great Lengths Partner;GL Premium Partner / High-End Ext. & Care
GL-0008;Berlin Exclusiv Friseur #8;Fasanenstraße 43;10118;Berlin;+49 765 724107;Keratin Bonds, Luxury Hair Extensions & Premium Care;GL - Great Lengths Partner;GL Premium Partner / High-End Ext. & Care
GL-0009;Berlin Couture Extensions #9;Kurfürstendamm 120;10119;Berlin;+49 332 793267;Keratin Bonds, Luxury Hair Extensions & Premium Care;GL - Great Lengths Partner;GL Premium Partner / High-End Ext. & Care
GL-0010;Berlin The Art of Hair #10;Friedrichstraße 128;10120;Berlin;+49 215 885190;Keratin Bonds, Luxury Hair Extensions & Premium Care;GL - Great Lengths Partner;GL Premium Partner / High-End Ext. & Care
GL-0011;Berlin Luxury Hair Lounge #11;Tauentzienstraße 15;10121;Berlin;+49 314 857579;Keratin Bonds, Luxury Hair Extensions & Premium Care;GL - Great Lengths Partner;GL Premium Partner / High-End Ext. & Care
GL-0012;Hamburg Top Hair Studio #1;Neuer Wall 104;20354;Hamburg;+49 713 473868;Keratin Bonds, Luxury Hair Extensions & Premium Care;GL - Great Lengths Partner;GL Premium Partner / High-End Ext. & Care
GL-0013;Hamburg Haarverlängerung Meister #2;Jungfernstieg 11;20355;Hamburg;+49 664 955715;Keratin Bonds, Luxury Hair Extensions & Premium Care;GL - Great Lengths Partner;GL Premium Partner / High-End Ext. & Care
GL-0014;Hamburg Premium Coiffeur #3;Gänsemarkt 28;20356;Hamburg;+49 826 680141;Keratin Bonds, Luxury Hair Extensions & Premium Care;GL - Great Lengths Partner;GL Premium Partner / High-End Ext. & Care
GL-0015;Hamburg Luxury Hair Lounge #4;Colonnaden 44;20357;Hamburg;+49 433 207035;Keratin Bonds, Luxury Hair Extensions & Premium Care;GL - Great Lengths Partner;GL Premium Partner / High-End Ext. & Care
GL-0016;Hamburg Luxury Hair Lounge #5;Alsterarkaden 16;20358;Hamburg;+49 216 643142;Keratin Bonds, Luxury Hair Extensions & Premium Care;GL - Great Lengths Partner;GL Premium Partner / High-End Ext. & Care
GL-0017;Hamburg Haarverlängerung Meister #6;Große Bleichen 73;20359;Hamburg;+49 451 592024;Keratin Bonds, Luxury Hair Extensions & Premium Care;GL - Great Lengths Partner;GL Premium Partner / High-End Ext. & Care
GL-0018;Hamburg The Art of Hair #7;Stadthausbrücke 87;20354;Hamburg;+49 301 943875;Keratin Bonds, Luxury Hair Extensions & Premium Care;GL - Great Lengths Partner;GL Premium Partner / High-End Ext. & Care
GL-0019;Hamburg Premium Coiffeur #8;Hohe Bleichen 10;20355;Hamburg;+49 736 187622;Keratin Bonds, Luxury Hair Extensions & Premium Care;GL - Great Lengths Partner;GL Premium Partner / High-End Ext. & Care
GL-0020;Hamburg Exclusiv Friseur #9;Neuer Wall 97;20356;Hamburg;+49 915 160123;Keratin Bonds, Luxury Hair Extensions & Premium Care;GL - Great Lengths Partner;GL Premium Partner / High-End Ext. & Care
GL-0021;Hamburg Premium Coiffeur #10;Jungfernstieg 72;20357;Hamburg;+49 736 425131;Keratin Bonds, Luxury Hair Extensions & Premium Care;GL - Great Lengths Partner;GL Premium Partner / High-End Ext. & Care
GL-0022;Hamburg Hair Couture #11;Gänsemarkt 127;20358;Hamburg;+49 833 911169;Keratin Bonds, Luxury Hair Extensions & Premium Care;GL - Great Lengths Partner;GL Premium Partner / High-End Ext. & Care
GL-0023;Hamburg Hair Couture #12;Colonnaden 120;20359;Hamburg;+49 252 581246;Keratin Bonds, Luxury Hair Extensions & Premium Care;GL - Great Lengths Partner;GL Premium Partner / High-End Ext. & Care
GL-0024;Hamburg Exclusiv Friseur #13;Alsterarkaden 26;20354;Hamburg;+49 457 975806;Keratin Bonds, Luxury Hair Extensions & Premium Care;GL - Great Lengths Partner;GL Premium Partner / High-End Ext. & Care
GL-0025;München The Art of Hair #1;Theatinerstraße 26;80333;München;+49 520 248949;Keratin Bonds, Luxury Hair Extensions & Premium Care;GL - Great Lengths Partner;GL Premium Partner / High-End Ext. & Care
GL-0026;München Premium Coiffeur #2;Kaufingerstraße 112;80334;München;+49 371 574384;Keratin Bonds, Luxury Hair Extensions & Premium Care;GL - Great Lengths Partner;GL Premium Partner / High-End Ext. & Care
GL-0027;München Hair Couture #3;Residenzstraße 138;80335;München;+49 714 414841;Keratin Bonds, Luxury Hair Extensions & Premium Care;GL - Great Lengths Partner;GL Premium Partner / High-End Ext. & Care
GL-0028;München Exclusiv Friseur #4;Brienner Straße 136;80336;München;+49 985 421341;Keratin Bonds, Luxury Hair Extensions & Premium Care;GL - Great Lengths Partner;GL Premium Partner / High-End Ext. & Care
GL-0029;München Hair Couture #5;Theatinerstraße 116;80337;München;+49 343 998592;Keratin Bonds, Luxury Hair Extensions & Premium Care;GL - Great Lengths Partner;GL Premium Partner / High-End Ext. & Care
GL-0030;München Top Hair Studio #6;Maximilianstraße 126;80338;München;+49 998 730913;Keratin Bonds, Luxury Hair Extensions & Premium Care;GL - Great Lengths Partner;GL Premium Partner / High-End Ext. & Care
GL-0031;München Couture Extensions #7;Dienerstraße 58;80333;München;+49 234 690244;Keratin Bonds, Luxury Hair Extensions & Premium Care;GL - Great Lengths Partner;GL Premium Partner / High-End Ext. & Care
GL-0032;München Hair Couture #8;Hackenstraße 126;80334;München;+49 599 534622;Keratin Bonds, Luxury Hair Extensions & Premium Care;GL - Great Lengths Partner;GL Premium Partner / High-End Ext. & Care
GL-0033;München Couture Extensions #9;Theatinerstraße 116;80335;München;+49 966 742937;Keratin Bonds, Luxury Hair Extensions & Premium Care;GL - Great Lengths Partner;GL Premium Partner / High-End Ext. & Care
GL-0034;München Couture Extensions #10;Kaufingerstraße 35;80336;München;+49 251 928214;Keratin Bonds, Luxury Hair Extensions & Premium Care;GL - Great Lengths Partner;GL Premium Partner / High-End Ext. & Care
GL-0035;München The Art of Hair #11;Residenzstraße 56;80337;München;+49 488 471151;Keratin Bonds, Luxury Hair Extensions & Premium Care;GL - Great Lengths Partner;GL Premium Partner / High-End Ext. & Care
GL-0036;Köln Couture Extensions #1;Hohe Straße 3;50667;Köln;+49 961 938551;Keratin Bonds, Luxury Hair Extensions & Premium Care;GL - Great Lengths Partner;GL Premium Partner / High-End Ext. & Care
GL-0037;Köln Hair Couture #2;Schildergasse 127;50668;Köln;+49 955 467732;Keratin Bonds, Luxury Hair Extensions & Premium Care;GL - Great Lengths Partner;GL Premium Partner / High-End Ext. & Care
GL-0038;Köln Top Hair Studio #3;Mittelstraße 72;50669;Köln;+49 609 696728;Keratin Bonds, Luxury Hair Extensions & Premium Care;GL - Great Lengths Partner;GL Premium Partner / High-End Ext. & Care
GL-0039;Köln Couture Extensions #4;Apostelnstraße 28;50670;Köln;+49 622 142744;Keratin Bonds, Luxury Hair Extensions & Premium Care;GL - Great Lengths Partner;GL Premium Partner / High-End Ext. & Care
GL-0040;Köln Premium Coiffeur #5;Ehrenstraße 97;50671;Köln;+49 472 517977;Keratin Bonds, Luxury Hair Extensions & Premium Care;GL - Great Lengths Partner;GL Premium Partner / High-End Ext. & Care
GL-0041;Köln Haarverlängerung Meister #6;Glockengasse 83;50672;Köln;+49 250 809168;Keratin Bonds, Luxury Hair Extensions & Premium Care;GL - Great Lengths Partner;GL Premium Partner / High-End Ext. & Care
GL-0042;Köln Hair Couture #7;Cäcilienstraße 63;50667;Köln;+49 988 865378;Keratin Bonds, Luxury Hair Extensions & Premium Care;GL - Great Lengths Partner;GL Premium Partner / High-End Ext. & Care
GL-0043;Köln Premium Coiffeur #8;Antonsgasse 142;50668;Köln;+49 500 634836;Keratin Bonds, Luxury Hair Extensions & Premium Care;GL - Great Lengths Partner;GL Premium Partner / High-End Ext. & Care
GL-0044;Köln Couture Extensions #9;Hohe Straße 102;50669;Köln;+49 373 918908;Keratin Bonds, Luxury Hair Extensions & Premium Care;GL - Great Lengths Partner;GL Premium Partner / High-End Ext. & Care
GL-0045;Köln Couture Extensions #10;Schildergasse 148;50670;Köln;+49 428 895441;Keratin Bonds, Luxury Hair Extensions & Premium Care;GL - Great Lengths Partner;GL Premium Partner / High-End Ext. & Care
GL-0046;Köln Top Hair Studio #11;Mittelstraße 28;50671;Köln;+49 390 436254;Keratin Bonds, Luxury Hair Extensions & Premium Care;GL - Great Lengths Partner;GL Premium Partner / High-End Ext. & Care
GL-0047;Köln Premium Coiffeur #12;Apostelnstraße 1;50672;Köln;+49 836 879870;Keratin Bonds, Luxury Hair Extensions & Premium Care;GL - Great Lengths Partner;GL Premium Partner / High-End Ext. & Care
GL-0048;Köln Haarverlängerung Meister #13;Ehrenstraße 56;50667;Köln;+49 482 591542;Keratin Bonds, Luxury Hair Extensions & Premium Care;GL - Great Lengths Partner;GL Premium Partner / High-End Ext. & Care
GL-0049;Frankfurt am Main Top Hair Studio #1;Goethestraße 87;60313;Frankfurt am Main;+49 614 239530;Keratin Bonds, Luxury Hair Extensions & Premium Care;GL - Great Lengths Partner;GL Premium Partner / High-End Ext. & Care
GL-0050;Frankfurt am Main Premium Coiffeur #2;Zeil 15;60314;Frankfurt am Main;+49 890 891835;Keratin Bonds, Luxury Hair Extensions & Premium Care;GL - Great Lengths Partner;GL Premium Partner / High-End Ext. & Care
GL-0051;Frankfurt am Main Haarverlängerung Meister #3;Schillerstraße 110;60315;Frankfurt am Main;+49 251 515109;Keratin Bonds, Luxury Hair Extensions & Premium Care;GL - Great Lengths Partner;GL Premium Partner / High-End Ext. & Care
GL-0052;Frankfurt am Main Top Hair Studio #4;Börsenstraße 150;60316;Frankfurt am Main;+49 643 940473;Keratin Bonds, Luxury Hair Extensions & Premium Care;GL - Great Lengths Partner;GL Premium Partner / High-End Ext. & Care
GL-0053;Frankfurt am Main Exclusiv Friseur #5;Roßmarkt 31;60317;Frankfurt am Main;+49 914 254230;Keratin Bonds, Luxury Hair Extensions & Premium Care;GL - Great Lengths Partner;GL Premium Partner / High-End Ext. & Care
GL-0054;Frankfurt am Main Top Hair Studio #6;Steinweg 99;60318;Frankfurt am Main;+49 257 317350;Keratin Bonds, Luxury Hair Extensions & Premium Care;GL - Great Lengths Partner;GL Premium Partner / High-End Ext. & Care
GL-0055;Frankfurt am Main Hair Couture #7;Kaiserhofstraße 32;60313;Frankfurt am Main;+49 568 565083;Keratin Bonds, Luxury Hair Extensions & Premium Care;GL - Great Lengths Partner;GL Premium Partner / High-End Ext. & Care
GL-0056;Frankfurt am Main Premium Coiffeur #8;Fressgasse 35;60314;Frankfurt am Main;+49 367 228247;Keratin Bonds, Luxury Hair Extensions & Premium Care;GL - Great Lengths Partner;GL Premium Partner / High-End Ext. & Care
GL-0057;Frankfurt am Main Luxury Hair Lounge #9;Goethestraße 39;60315;Frankfurt am Main;+49 725 126329;Keratin Bonds, Luxury Hair Extensions & Premium Care;GL - Great Lengths Partner;GL Premium Partner / High-End Ext. & Care
GL-0058;Frankfurt am Main Hair Couture #10;Zeil 31;60316;Frankfurt am Main;+49 944 661020;Keratin Bonds, Luxury Hair Extensions & Premium Care;GL - Great Lengths Partner;GL Premium Partner / High-End Ext. & Care
GL-0059;Frankfurt am Main Top Hair Studio #11;Schillerstraße 110;60317;Frankfurt am Main;+49 731 478858;Keratin Bonds, Luxury Hair Extensions & Premium Care;GL - Great Lengths Partner;GL Premium Partner / High-End Ext. & Care
GL-0060;Frankfurt am Main The Art of Hair #12;Börsenstraße 108;60318;Frankfurt am Main;+49 284 347074;Keratin Bonds, Luxury Hair Extensions & Premium Care;GL - Great Lengths Partner;GL Premium Partner / High-End Ext. & Care
GL-0061;Stuttgart Premium Coiffeur #1;Königstraße 66;70173;Stuttgart;+49 718 409668;Keratin Bonds, Luxury Hair Extensions & Premium Care;GL - Great Lengths Partner;GL Premium Partner / High-End Ext. & Care
GL-0062;Stuttgart The Art of Hair #2;Calwer Straße 119;70174;Stuttgart;+49 340 794909;Keratin Bonds, Luxury Hair Extensions & Premium Care;GL - Great Lengths Partner;GL Premium Partner / High-End Ext. & Care
GL-0063;Stuttgart Haarverlängerung Meister #3;Kronprinzstraße 113;70175;Stuttgart;+49 989 107175;Keratin Bonds, Luxury Hair Extensions & Premium Care;GL - Great Lengths Partner;GL Premium Partner / High-End Ext. & Care
GL-0064;Stuttgart Top Hair Studio #4;Stiftstraße 28;70176;Stuttgart;+49 632 812824;Keratin Bonds, Luxury Hair Extensions & Premium Care;GL - Great Lengths Partner;GL Premium Partner / High-End Ext. & Care
GL-0065;Stuttgart Hair Couture #5;Marstallstraße 134;70177;Stuttgart;+49 732 686482;Keratin Bonds, Luxury Hair Extensions & Premium Care;GL - Great Lengths Partner;GL Premium Partner / High-End Ext. & Care
GL-0066;Stuttgart The Art of Hair #6;Schillerplatz 43;70178;Stuttgart;+49 274 425363;Keratin Bonds, Luxury Hair Extensions & Premium Care;GL - Great Lengths Partner;GL Premium Partner / High-End Ext. & Care
GL-0067;Stuttgart Exclusiv Friseur #7;Planiedurchgang 133;70173;Stuttgart;+49 512 681500;Keratin Bonds, Luxury Hair Extensions & Premium Care;GL - Great Lengths Partner;GL Premium Partner / High-End Ext. & Care
GL-0068;Stuttgart Hair Couture #8;Königstraße 105;70174;Stuttgart;+49 856 750041;Keratin Bonds, Luxury Hair Extensions & Premium Care;GL - Great Lengths Partner;GL Premium Partner / High-End Ext. & Care
GL-0069;Stuttgart Couture Extensions #9;Calwer Straße 77;70175;Stuttgart;+49 308 745423;Keratin Bonds, Luxury Hair Extensions & Premium Care;GL - Great Lengths Partner;GL Premium Partner / High-End Ext. & Care
GL-0070;Stuttgart Couture Extensions #10;Kronprinzstraße 73;70176;Stuttgart;+49 498 597761;Keratin Bonds, Luxury Hair Extensions & Premium Care;GL - Great Lengths Partner;GL Premium Partner / High-End Ext. & Care
GL-0071;Stuttgart The Art of Hair #11;Stiftstraße 52;70177;Stuttgart;+49 464 175996;Keratin Bonds, Luxury Hair Extensions & Premium Care;GL - Great Lengths Partner;GL Premium Partner / High-End Ext. & Care
GL-0072;Stuttgart Luxury Hair Lounge #12;Marstallstraße 33;70178;Stuttgart;+49 501 279174;Keratin Bonds, Luxury Hair Extensions & Premium Care;GL - Great Lengths Partner;GL Premium Partner / High-End Ext. & Care
GL-0073;Stuttgart Haarverlängerung Meister #13;Schillerplatz 148;70173;Stuttgart;+49 521 750016;Keratin Bonds, Luxury Hair Extensions & Premium Care;GL - Great Lengths Partner;GL Premium Partner / High-End Ext. & Care
GL-0074;Düsseldorf Hair Couture #1;Königsallee 126;40212;Düsseldorf;+49 655 328269;Keratin Bonds, Luxury Hair Extensions & Premium Care;GL - Great Lengths Partner;GL Premium Partner / High-End Ext. & Care
GL-0075;Düsseldorf Premium Coiffeur #2;Schadowstraße 20;40213;Düsseldorf;+49 453 193451;Keratin Bonds, Luxury Hair Extensions & Premium Care;GL - Great Lengths Partner;GL Premium Partner / High-End Ext. & Care
GL-0076;Düsseldorf Luxury Hair Lounge #3;Graf-Adolf-Straße 13;40214;Düsseldorf;+49 911 110485;Keratin Bonds, Luxury Hair Extensions & Premium Care;GL - Great Lengths Partner;GL Premium Partner / High-End Ext. & Care
GL-0077;Düsseldorf Top Hair Studio #4;Benrather Straße 52;40215;Düsseldorf;+49 499 332805;Keratin Bonds, Luxury Hair Extensions & Premium Care;GL - Great Lengths Partner;GL Premium Partner / High-End Ext. & Care
GL-0078;Düsseldorf Top Hair Studio #5;Trinkausstraße 25;40216;Düsseldorf;+49 644 560000;Keratin Bonds, Luxury Hair Extensions & Premium Care;GL - Great Lengths Partner;GL Premium Partner / High-End Ext. & Care
GL-0079;Düsseldorf Couture Extensions #6;Kasernenstraße 132;40217;Düsseldorf;+49 816 920683;Keratin Bonds, Luxury Hair Extensions & Premium Care;GL - Great Lengths Partner;GL Premium Partner / High-End Ext. & Care
GL-0080;Düsseldorf Hair Couture #7;Berger Straße 132;40212;Düsseldorf;+49 804 383457;Keratin Bonds, Luxury Hair Extensions & Premium Care;GL - Great Lengths Partner;GL Premium Partner / High-End Ext. & Care
GL-0081;Düsseldorf The Art of Hair #8;Königsallee 72;40213;Düsseldorf;+49 564 426082;Keratin Bonds, Luxury Hair Extensions & Premium Care;GL - Great Lengths Partner;GL Premium Partner / High-End Ext. & Care
GL-0082;Düsseldorf Exclusiv Friseur #9;Schadowstraße 88;40214;Düsseldorf;+49 706 261516;Keratin Bonds, Luxury Hair Extensions & Premium Care;GL - Great Lengths Partner;GL Premium Partner / High-End Ext. & Care
GL-0083;Düsseldorf Premium Coiffeur #10;Graf-Adolf-Straße 86;40215;Düsseldorf;+49 770 180027;Keratin Bonds, Luxury Hair Extensions & Premium Care;GL - Great Lengths Partner;GL Premium Partner / High-End Ext. & Care
GL-0084;Düsseldorf Premium Coiffeur #11;Benrather Straße 95;40216;Düsseldorf;+49 741 235490;Keratin Bonds, Luxury Hair Extensions & Premium Care;GL - Great Lengths Partner;GL Premium Partner / High-End Ext. & Care
GL-0085;Düsseldorf Top Hair Studio #12;Trinkausstraße 62;40217;Düsseldorf;+49 312 566240;Keratin Bonds, Luxury Hair Extensions & Premium Care;GL - Great Lengths Partner;GL Premium Partner / High-End Ext. & Care
GL-0086;Düsseldorf Luxury Hair Lounge #13;Kasernenstraße 132;40212;Düsseldorf;+49 926 172546;Keratin Bonds, Luxury Hair Extensions & Premium Care;GL - Great Lengths Partner;GL Premium Partner / High-End Ext. & Care
GL-0087;Dortmund Top Hair Studio #1;Ostenhellweg 29;44135;Dortmund;+49 807 622467;Keratin Bonds, Luxury Hair Extensions & Premium Care;GL - Great Lengths Partner;GL Premium Partner / High-End Ext. & Care
GL-0088;Dortmund Luxury Hair Lounge #2;Westenhellweg 122;44136;Dortmund;+49 724 209420;Keratin Bonds, Luxury Hair Extensions & Premium Care;GL - Great Lengths Partner;GL Premium Partner / High-End Ext. & Care
GL-0089;Dortmund Top Hair Studio #3;Hansastraße 83;44137;Dortmund;+49 843 725341;Keratin Bonds, Luxury Hair Extensions & Premium Care;GL - Great Lengths Partner;GL Premium Partner / High-End Ext. & Care
GL-0090;Dortmund Luxury Hair Lounge #4;Huckarder Straße 120;44138;Dortmund;+49 517 428128;Keratin Bonds, Luxury Hair Extensions & Premium Care;GL - Great Lengths Partner;GL Premium Partner / High-End Ext. & Care
GL-0091;Dortmund Exclusiv Friseur #5;Kaiserstraße 55;44139;Dortmund;+49 432 682578;Keratin Bonds, Luxury Hair Extensions & Premium Care;GL - Great Lengths Partner;GL Premium Partner / High-End Ext. & Care
GL-0092;Dortmund Couture Extensions #6;Kleppingstraße 76;44140;Dortmund;+49 290 392464;Keratin Bonds, Luxury Hair Extensions & Premium Care;GL - Great Lengths Partner;GL Premium Partner / High-End Ext. & Care
GL-0093;Dortmund Haarverlängerung Meister #7;Ostenhellweg 138;44135;Dortmund;+49 783 867127;Keratin Bonds, Luxury Hair Extensions & Premium Care;GL - Great Lengths Partner;GL Premium Partner / High-End Ext. & Care
GL-0094;Dortmund Hair Couture #8;Westenhellweg 8;44136;Dortmund;+49 924 668303;Keratin Bonds, Luxury Hair Extensions & Premium Care;GL - Great Lengths Partner;GL Premium Partner / High-End Ext. & Care
GL-0095;Dortmund Luxury Hair Lounge #9;Hansastraße 19;44137;Dortmund;+49 884 311325;Keratin Bonds, Luxury Hair Extensions & Premium Care;GL - Great Lengths Partner;GL Premium Partner / High-End Ext. & Care
GL-0096;Dortmund Haarverlängerung Meister #10;Huckarder Straße 130;44138;Dortmund;+49 372 950125;Keratin Bonds, Luxury Hair Extensions & Premium Care;GL - Great Lengths Partner;GL Premium Partner / High-End Ext. & Care
GL-0097;Dortmund The Art of Hair #11;Kaiserstraße 42;44139;Dortmund;+49 997 944900;Keratin Bonds, Luxury Hair Extensions & Premium Care;GL - Great Lengths Partner;GL Premium Partner / High-End Ext. & Care
GL-0098;Dortmund Haarverlängerung Meister #12;Kleppingstraße 113;44140;Dortmund;+49 445 369044;Keratin Bonds, Luxury Hair Extensions & Premium Care;GL - Great Lengths Partner;GL Premium Partner / High-End Ext. & Care
GL-0099;Dortmund Hair Couture #13;Ostenhellweg 95;44135;Dortmund;+49 556 650401;Keratin Bonds, Luxury Hair Extensions & Premium Care;GL - Great Lengths Partner;GL Premium Partner / High-End Ext. & Care
GL-0100;Dortmund The Art of Hair #14;Westenhellweg 27;44136;Dortmund;+49 620 490889;Keratin Bonds, Luxury Hair Extensions & Premium Care;GL - Great Lengths Partner;GL Premium Partner / High-End Ext. & Care
GL-0101;Dortmund Hair Couture #15;Hansastraße 122;44137;Dortmund;+49 388 286836;Keratin Bonds, Luxury Hair Extensions & Premium Care;GL - Great Lengths Partner;GL Premium Partner / High-End Ext. & Care
GL-0102;Dortmund The Art of Hair #16;Huckarder Straße 124;44138;Dortmund;+49 347 517097;Keratin Bonds, Luxury Hair Extensions & Premium Care;GL - Great Lengths Partner;GL Premium Partner / High-End Ext. & Care
GL-0103;Dortmund Exclusiv Friseur #17;Kaiserstraße 14;44139;Dortmund;+49 892 644580;Keratin Bonds, Luxury Hair Extensions & Premium Care;GL - Great Lengths Partner;GL Premium Partner / High-End Ext. & Care
GL-0104;Dortmund Premium Coiffeur #18;Kleppingstraße 148;44140;Dortmund;+49 597 218438;Keratin Bonds, Luxury Hair Extensions & Premium Care;GL - Great Lengths Partner;GL Premium Partner / High-End Ext. & Care
GL-0105;Essen Couture Extensions #1;Kettwiger Straße 2;45127;Essen;+49 927 426323;Keratin Bonds, Luxury Hair Extensions & Premium Care;GL - Great Lengths Partner;GL Premium Partner / High-End Ext. & Care
GL-0106;Essen Hair Couture #2;Limbecker Straße 42;45128;Essen;+49 622 653733;Keratin Bonds, Luxury Hair Extensions & Premium Care;GL - Great Lengths Partner;GL Premium Partner / High-End Ext. & Care
GL-0107;Essen Premium Coiffeur #3;Rüttenscheider Straße 88;45129;Essen;+49 437 291211;Keratin Bonds, Luxury Hair Extensions & Premium Care;GL - Great Lengths Partner;GL Premium Partner / High-End Ext. & Care
GL-0108;Essen Exclusiv Friseur #4;Bismarckstraße 130;45130;Essen;+49 329 137689;Keratin Bonds, Luxury Hair Extensions & Premium Care;GL - Great Lengths Partner;GL Premium Partner / High-End Ext. & Care
GL-0109;Essen Top Hair Studio #5;Girardetstraße 9;45131;Essen;+49 773 466095;Keratin Bonds, Luxury Hair Extensions & Premium Care;GL - Great Lengths Partner;GL Premium Partner / High-End Ext. & Care
GL-0110;Essen Exclusiv Friseur #6;Kettwiger Straße 18;45132;Essen;+49 657 604847;Keratin Bonds, Luxury Hair Extensions & Premium Care;GL - Great Lengths Partner;GL Premium Partner / High-End Ext. & Care
GL-0111;Essen Haarverlängerung Meister #7;Limbecker Straße 66;45127;Essen;+49 781 596086;Keratin Bonds, Luxury Hair Extensions & Premium Care;GL - Great Lengths Partner;GL Premium Partner / High-End Ext. & Care
GL-0112;Essen Couture Extensions #8;Rüttenscheider Straße 78;45128;Essen;+49 987 812296;Keratin Bonds, Luxury Hair Extensions & Premium Care;GL - Great Lengths Partner;GL Premium Partner / High-End Ext. & Care
GL-0113;Essen Hair Couture #9;Bismarckstraße 61;45129;Essen;+49 964 867372;Keratin Bonds, Luxury Hair Extensions & Premium Care;GL - Great Lengths Partner;GL Premium Partner / High-End Ext. & Care
GL-0114;Essen Couture Extensions #10;Girardetstraße 45;45130;Essen;+49 213 905406;Keratin Bonds, Luxury Hair Extensions & Premium Care;GL - Great Lengths Partner;GL Premium Partner / High-End Ext. & Care
GL-0115;Essen The Art of Hair #11;Kettwiger Straße 41;45131;Essen;+49 443 797710;Keratin Bonds, Luxury Hair Extensions & Premium Care;GL - Great Lengths Partner;GL Premium Partner / High-End Ext. & Care
GL-0116;Essen The Art of Hair #12;Limbecker Straße 94;45132;Essen;+49 731 969948;Keratin Bonds, Luxury Hair Extensions & Premium Care;GL - Great Lengths Partner;GL Premium Partner / High-End Ext. & Care
GL-0117;Essen Top Hair Studio #13;Rüttenscheider Straße 6;45127;Essen;+49 825 516724;Keratin Bonds, Luxury Hair Extensions & Premium Care;GL - Great Lengths Partner;GL Premium Partner / High-End Ext. & Care
GL-0118;Essen Exclusiv Friseur #14;Bismarckstraße 98;45128;Essen;+49 886 549012;Keratin Bonds, Luxury Hair Extensions & Premium Care;GL - Great Lengths Partner;GL Premium Partner / High-End Ext. & Care
GL-0119;Essen Luxury Hair Lounge #15;Girardetstraße 2;45129;Essen;+49 416 962210;Keratin Bonds, Luxury Hair Extensions & Premium Care;GL - Great Lengths Partner;GL Premium Partner / High-End Ext. & Care
GL-0120;Essen Haarverlängerung Meister #16;Kettwiger Straße 4;45130;Essen;+49 257 721723;Keratin Bonds, Luxury Hair Extensions & Premium Care;GL - Great Lengths Partner;GL Premium Partner / High-End Ext. & Care
GL-0121;Leipzig Exclusiv Friseur #1;Grimmaische Straße 15;4109;Leipzig;+49 410 294417;Keratin Bonds, Luxury Hair Extensions & Premium Care;GL - Great Lengths Partner;GL Premium Partner / High-End Ext. & Care
GL-0122;Leipzig Hair Couture #2;Petersstraße 28;4110;Leipzig;+49 780 757588;Keratin Bonds, Luxury Hair Extensions & Premium Care;GL - Great Lengths Partner;GL Premium Partner / High-End Ext. & Care
GL-0123;Leipzig Hair Couture #3;Neumarkt 58;4111;Leipzig;+49 336 324355;Keratin Bonds, Luxury Hair Extensions & Premium Care;GL - Great Lengths Partner;GL Premium Partner / High-End Ext. & Care
GL-0124;Leipzig Top Hair Studio #4;Katharinenstraße 80;4112;Leipzig;+49 895 881368;Keratin Bonds, Luxury Hair Extensions & Premium Care;GL - Great Lengths Partner;GL Premium Partner / High-End Ext. & Care
GL-0125;Leipzig Exclusiv Friseur #5;Klostergasse 2;4113;Leipzig;+49 901 695733;Keratin Bonds, Luxury Hair Extensions & Premium Care;GL - Great Lengths Partner;GL Premium Partner / High-End Ext. & Care
GL-0126;Leipzig Top Hair Studio #6;Brühl 104;4114;Leipzig;+49 768 292180;Keratin Bonds, Luxury Hair Extensions & Premium Care;GL - Great Lengths Partner;GL Premium Partner / High-End Ext. & Care
GL-0127;Leipzig The Art of Hair #7;Grimmaische Straße 1;4109;Leipzig;+49 301 778083;Keratin Bonds, Luxury Hair Extensions & Premium Care;GL - Great Lengths Partner;GL Premium Partner / High-End Ext. & Care
GL-0128;Leipzig Hair Couture #8;Petersstraße 124;4110;Leipzig;+49 701 316191;Keratin Bonds, Luxury Hair Extensions & Premium Care;GL - Great Lengths Partner;GL Premium Partner / High-End Ext. & Care
GL-0129;Leipzig Exclusiv Friseur #9;Neumarkt 139;4111;Leipzig;+49 318 956156;Keratin Bonds, Luxury Hair Extensions & Premium Care;GL - Great Lengths Partner;GL Premium Partner / High-End Ext. & Care
GL-0130;Leipzig The Art of Hair #10;Katharinenstraße 114;4112;Leipzig;+49 533 543653;Keratin Bonds, Luxury Hair Extensions & Premium Care;GL - Great Lengths Partner;GL Premium Partner / High-End Ext. & Care
GL-0131;Leipzig Top Hair Studio #11;Klostergasse 116;4113;Leipzig;+49 820 202552;Keratin Bonds, Luxury Hair Extensions & Premium Care;GL - Great Lengths Partner;GL Premium Partner / High-End Ext. & Care
GL-0132;Bremen Exclusiv Friseur #1;Sögestraße 10;28195;Bremen;+49 582 401855;Keratin Bonds, Luxury Hair Extensions & Premium Care;GL - Great Lengths Partner;GL Premium Partner / High-End Ext. & Care
GL-0133;Bremen Haarverlängerung Meister #2;Obernstraße 12;28196;Bremen;+49 598 257962;Keratin Bonds, Luxury Hair Extensions & Premium Care;GL - Great Lengths Partner;GL Premium Partner / High-End Ext. & Care
GL-0134;Bremen Premium Coiffeur #3;Am Wall 17;28197;Bremen;+49 453 447063;Keratin Bonds, Luxury Hair Extensions & Premium Care;GL - Great Lengths Partner;GL Premium Partner / High-End Ext. & Care
GL-0135;Bremen Haarverlängerung Meister #4;Böttcherstraße 144;28198;Bremen;+49 456 562706;Keratin Bonds, Luxury Hair Extensions & Premium Care;GL - Great Lengths Partner;GL Premium Partner / High-End Ext. & Care
GL-0136;Bremen Top Hair Studio #5;Domsheide 40;28199;Bremen;+49 486 524593;Keratin Bonds, Luxury Hair Extensions & Premium Care;GL - Great Lengths Partner;GL Premium Partner / High-End Ext. & Care
GL-0137;Bremen Couture Extensions #6;Liebfrauenkirchhof 53;28200;Bremen;+49 383 184154;Keratin Bonds, Luxury Hair Extensions & Premium Care;GL - Great Lengths Partner;GL Premium Partner / High-End Ext. & Care
GL-0138;Bremen Haarverlängerung Meister #7;Sögestraße 20;28195;Bremen;+49 386 498641;Keratin Bonds, Luxury Hair Extensions & Premium Care;GL - Great Lengths Partner;GL Premium Partner / High-End Ext. & Care
GL-0139;Bremen Couture Extensions #8;Obernstraße 145;28196;Bremen;+49 607 716260;Keratin Bonds, Luxury Hair Extensions & Premium Care;GL - Great Lengths Partner;GL Premium Partner / High-End Ext. & Care
GL-0140;Bremen Exclusiv Friseur #9;Am Wall 128;28197;Bremen;+49 963 811558;Keratin Bonds, Luxury Hair Extensions & Premium Care;GL - Great Lengths Partner;GL Premium Partner / High-End Ext. & Care
GL-0141;Bremen The Art of Hair #10;Böttcherstraße 104;28198;Bremen;+49 982 108731;Keratin Bonds, Luxury Hair Extensions & Premium Care;GL - Great Lengths Partner;GL Premium Partner / High-End Ext. & Care
GL-0142;Bremen Haarverlängerung Meister #11;Domsheide 1;28199;Bremen;+49 667 318871;Keratin Bonds, Luxury Hair Extensions & Premium Care;GL - Great Lengths Partner;GL Premium Partner / High-End Ext. & Care
GL-0143;Dresden Hair Couture #1;Prager Straße 30;1069;Dresden;+49 566 150331;Keratin Bonds, Luxury Hair Extensions & Premium Care;GL - Great Lengths Partner;GL Premium Partner / High-End Ext. & Care
GL-0144;Dresden Haarverlängerung Meister #2;Schloßstraße 34;1070;Dresden;+49 564 742703;Keratin Bonds, Luxury Hair Extensions & Premium Care;GL - Great Lengths Partner;GL Premium Partner / High-End Ext. & Care
GL-0145;Dresden Top Hair Studio #3;Wilsdruffer Straße 126;1071;Dresden;+49 544 930086;Keratin Bonds, Luxury Hair Extensions & Premium Care;GL - Great Lengths Partner;GL Premium Partner / High-End Ext. & Care
GL-0146;Dresden The Art of Hair #4;Neumarkt 29;1072;Dresden;+49 584 810218;Keratin Bonds, Luxury Hair Extensions & Premium Care;GL - Great Lengths Partner;GL Premium Partner / High-End Ext. & Care
GL-0147;Dresden Exclusiv Friseur #5;Töpferstraße 128;1073;Dresden;+49 847 774259;Keratin Bonds, Luxury Hair Extensions & Premium Care;GL - Great Lengths Partner;GL Premium Partner / High-End Ext. & Care
GL-0148;Dresden Top Hair Studio #6;Prager Straße 138;1074;Dresden;+49 446 213740;Keratin Bonds, Luxury Hair Extensions & Premium Care;GL - Great Lengths Partner;GL Premium Partner / High-End Ext. & Care
GL-0149;Dresden Top Hair Studio #7;Schloßstraße 21;1069;Dresden;+49 685 174202;Keratin Bonds, Luxury Hair Extensions & Premium Care;GL - Great Lengths Partner;GL Premium Partner / High-End Ext. & Care
GL-0150;Dresden Premium Coiffeur #8;Wilsdruffer Straße 38;1070;Dresden;+49 754 535710;Keratin Bonds, Luxury Hair Extensions & Premium Care;GL - Great Lengths Partner;GL Premium Partner / High-End Ext. & Care
GL-0151;Dresden Luxury Hair Lounge #9;Neumarkt 7;1071;Dresden;+49 893 506373;Keratin Bonds, Luxury Hair Extensions & Premium Care;GL - Great Lengths Partner;GL Premium Partner / High-End Ext. & Care
GL-0152;Dresden Top Hair Studio #10;Töpferstraße 2;1072;Dresden;+49 388 621084;Keratin Bonds, Luxury Hair Extensions & Premium Care;GL - Great Lengths Partner;GL Premium Partner / High-End Ext. & Care
GL-0153;Hannover Haarverlängerung Meister #1;Georgstraße 137;30159;Hannover;+49 258 328312;Keratin Bonds, Luxury Hair Extensions & Premium Care;GL - Great Lengths Partner;GL Premium Partner / High-End Ext. & Care
GL-0154;Hannover The Art of Hair #2;Kröpcke 143;30160;Hannover;+49 239 282883;Keratin Bonds, Luxury Hair Extensions & Premium Care;GL - Great Lengths Partner;GL Premium Partner / High-End Ext. & Care
GL-0155;Hannover Couture Extensions #3;Lister Meile 146;30161;Hannover;+49 337 772531;Keratin Bonds, Luxury Hair Extensions & Premium Care;GL - Great Lengths Partner;GL Premium Partner / High-End Ext. & Care
GL-0156;Hannover Couture Extensions #4;Theaterstraße 24;30162;Hannover;+49 301 562861;Keratin Bonds, Luxury Hair Extensions & Premium Care;GL - Great Lengths Partner;GL Premium Partner / High-End Ext. & Care
GL-0157;Hannover Couture Extensions #5;Rathenaustraße 75;30163;Hannover;+49 692 883643;Keratin Bonds, Luxury Hair Extensions & Premium Care;GL - Great Lengths Partner;GL Premium Partner / High-End Ext. & Care
GL-0158;Hannover Hair Couture #6;Georgstraße 132;30164;Hannover;+49 974 488206;Keratin Bonds, Luxury Hair Extensions & Premium Care;GL - Great Lengths Partner;GL Premium Partner / High-End Ext. & Care
GL-0159;Hannover Couture Extensions #7;Kröpcke 15;30159;Hannover;+49 675 509991;Keratin Bonds, Luxury Hair Extensions & Premium Care;GL - Great Lengths Partner;GL Premium Partner / High-End Ext. & Care
GL-0160;Hannover The Art of Hair #8;Lister Meile 53;30160;Hannover;+49 388 534688;Keratin Bonds, Luxury Hair Extensions & Premium Care;GL - Great Lengths Partner;GL Premium Partner / High-End Ext. & Care
GL-0161;Hannover Premium Coiffeur #9;Theaterstraße 28;30161;Hannover;+49 654 925920;Keratin Bonds, Luxury Hair Extensions & Premium Care;GL - Great Lengths Partner;GL Premium Partner / High-End Ext. & Care
GL-0162;Hannover Exclusiv Friseur #10;Rathenaustraße 85;30162;Hannover;+49 268 376002;Keratin Bonds, Luxury Hair Extensions & Premium Care;GL - Great Lengths Partner;GL Premium Partner / High-End Ext. & Care
GL-0163;Hannover Top Hair Studio #11;Georgstraße 60;30163;Hannover;+49 591 684033;Keratin Bonds, Luxury Hair Extensions & Premium Care;GL - Great Lengths Partner;GL Premium Partner / High-End Ext. & Care
GL-0164;Hannover The Art of Hair #12;Kröpcke 95;30164;Hannover;+49 387 209732;Keratin Bonds, Luxury Hair Extensions & Premium Care;GL - Great Lengths Partner;GL Premium Partner / High-End Ext. & Care
GL-0165;Hannover Premium Coiffeur #13;Lister Meile 76;30159;Hannover;+49 322 395936;Keratin Bonds, Luxury Hair Extensions & Premium Care;GL - Great Lengths Partner;GL Premium Partner / High-End Ext. & Care
GL-0166;Nürnberg Luxury Hair Lounge #1;Königstraße 135;90402;Nürnberg;+49 540 185533;Keratin Bonds, Luxury Hair Extensions & Premium Care;GL - Great Lengths Partner;GL Premium Partner / High-End Ext. & Care
GL-0167;Nürnberg Exclusiv Friseur #2;Breite Gasse 48;90403;Nürnberg;+49 776 939324;Keratin Bonds, Luxury Hair Extensions & Premium Care;GL - Great Lengths Partner;GL Premium Partner / High-End Ext. & Care
GL-0168;Nürnberg Hair Couture #3;Karolinenstraße 20;90404;Nürnberg;+49 403 330813;Keratin Bonds, Luxury Hair Extensions & Premium Care;GL - Great Lengths Partner;GL Premium Partner / High-End Ext. & Care
GL-0169;Nürnberg Haarverlängerung Meister #4;Pfannenschmiedsgasse 38;90405;Nürnberg;+49 909 441654;Keratin Bonds, Luxury Hair Extensions & Premium Care;GL - Great Lengths Partner;GL Premium Partner / High-End Ext. & Care
GL-0170;Nürnberg Haarverlängerung Meister #5;Kaiserstraße 103;90406;Nürnberg;+49 221 662304;Keratin Bonds, Luxury Hair Extensions & Premium Care;GL - Great Lengths Partner;GL Premium Partner / High-End Ext. & Care
GL-0171;Nürnberg Exclusiv Friseur #6;Königstraße 118;90407;Nürnberg;+49 660 121903;Keratin Bonds, Luxury Hair Extensions & Premium Care;GL - Great Lengths Partner;GL Premium Partner / High-End Ext. & Care
GL-0172;Nürnberg Luxury Hair Lounge #7;Breite Gasse 79;90402;Nürnberg;+49 954 569212;Keratin Bonds, Luxury Hair Extensions & Premium Care;GL - Great Lengths Partner;GL Premium Partner / High-End Ext. & Care
GL-0173;Nürnberg Haarverlängerung Meister #8;Karolinenstraße 60;90403;Nürnberg;+49 730 755265;Keratin Bonds, Luxury Hair Extensions & Premium Care;GL - Great Lengths Partner;GL Premium Partner / High-End Ext. & Care
GL-0174;Nürnberg Exclusiv Friseur #9;Pfannenschmiedsgasse 139;90404;Nürnberg;+49 721 789308;Keratin Bonds, Luxury Hair Extensions & Premium Care;GL - Great Lengths Partner;GL Premium Partner / High-End Ext. & Care
GL-0175;Nürnberg Couture Extensions #10;Kaiserstraße 81;90405;Nürnberg;+49 383 601263;Keratin Bonds, Luxury Hair Extensions & Premium Care;GL - Great Lengths Partner;GL Premium Partner / High-End Ext. & Care
GL-0176;Nürnberg Luxury Hair Lounge #11;Königstraße 67;90406;Nürnberg;+49 253 123309;Keratin Bonds, Luxury Hair Extensions & Premium Care;GL - Great Lengths Partner;GL Premium Partner / High-End Ext. & Care
GL-0177;Nürnberg Hair Couture #12;Breite Gasse 80;90407;Nürnberg;+49 504 873603;Keratin Bonds, Luxury Hair Extensions & Premium Care;GL - Great Lengths Partner;GL Premium Partner / High-End Ext. & Care
GL-0178;Nürnberg Exclusiv Friseur #13;Karolinenstraße 72;90402;Nürnberg;+49 976 413222;Keratin Bonds, Luxury Hair Extensions & Premium Care;GL - Great Lengths Partner;GL Premium Partner / High-End Ext. & Care
GL-0179;Nürnberg Hair Couture #14;Pfannenschmiedsgasse 28;90403;Nürnberg;+49 464 791191;Keratin Bonds, Luxury Hair Extensions & Premium Care;GL - Great Lengths Partner;GL Premium Partner / High-End Ext. & Care
GL-0180;Nürnberg Hair Couture #15;Kaiserstraße 34;90404;Nürnberg;+49 880 696457;Keratin Bonds, Luxury Hair Extensions & Premium Care;GL - Great Lengths Partner;GL Premium Partner / High-End Ext. & Care
GL-0181;Nürnberg Premium Coiffeur #16;Königstraße 9;90405;Nürnberg;+49 507 198772;Keratin Bonds, Luxury Hair Extensions & Premium Care;GL - Great Lengths Partner;GL Premium Partner / High-End Ext. & Care
GL-0182;Duisburg Couture Extensions #1;Königstraße 22;47051;Duisburg;+49 744 160106;Keratin Bonds, Luxury Hair Extensions & Premium Care;GL - Great Lengths Partner;GL Premium Partner / High-End Ext. & Care
GL-0183;Duisburg The Art of Hair #2;Düsseldorfer Straße 114;47052;Duisburg;+49 522 555158;Keratin Bonds, Luxury Hair Extensions & Premium Care;GL - Great Lengths Partner;GL Premium Partner / High-End Ext. & Care
GL-0184;Duisburg The Art of Hair #3;Friedrich-Wilhelm-Straße 42;47053;Duisburg;+49 599 261296;Keratin Bonds, Luxury Hair Extensions & Premium Care;GL - Great Lengths Partner;GL Premium Partner / High-End Ext. & Care
GL-0185;Duisburg The Art of Hair #4;Königstraße 13;47054;Duisburg;+49 223 460151;Keratin Bonds, Luxury Hair Extensions & Premium Care;GL - Great Lengths Partner;GL Premium Partner / High-End Ext. & Care
GL-0186;Duisburg Exclusiv Friseur #5;Düsseldorfer Straße 120;47055;Duisburg;+49 662 198153;Keratin Bonds, Luxury Hair Extensions & Premium Care;GL - Great Lengths Partner;GL Premium Partner / High-End Ext. & Care
GL-0187;Duisburg Exclusiv Friseur #6;Friedrich-Wilhelm-Straße 26;47056;Duisburg;+49 276 397385;Keratin Bonds, Luxury Hair Extensions & Premium Care;GL - Great Lengths Partner;GL Premium Partner / High-End Ext. & Care
GL-0188;Duisburg Top Hair Studio #7;Königstraße 79;47051;Duisburg;+49 218 298341;Keratin Bonds, Luxury Hair Extensions & Premium Care;GL - Great Lengths Partner;GL Premium Partner / High-End Ext. & Care
GL-0189;Duisburg Exclusiv Friseur #8;Düsseldorfer Straße 133;47052;Duisburg;+49 439 165078;Keratin Bonds, Luxury Hair Extensions & Premium Care;GL - Great Lengths Partner;GL Premium Partner / High-End Ext. & Care
GL-0190;Duisburg Luxury Hair Lounge #9;Friedrich-Wilhelm-Straße 8;47053;Duisburg;+49 518 697873;Keratin Bonds, Luxury Hair Extensions & Premium Care;GL - Great Lengths Partner;GL Premium Partner / High-End Ext. & Care
GL-0191;Duisburg Haarverlängerung Meister #10;Königstraße 123;47054;Duisburg;+49 292 482193;Keratin Bonds, Luxury Hair Extensions & Premium Care;GL - Great Lengths Partner;GL Premium Partner / High-End Ext. & Care
GL-0192;Duisburg Top Hair Studio #11;Düsseldorfer Straße 103;47055;Duisburg;+49 676 852739;Keratin Bonds, Luxury Hair Extensions & Premium Care;GL - Great Lengths Partner;GL Premium Partner / High-End Ext. & Care
GL-0193;Duisburg Top Hair Studio #12;Friedrich-Wilhelm-Straße 13;47056;Duisburg;+49 669 400901;Keratin Bonds, Luxury Hair Extensions & Premium Care;GL - Great Lengths Partner;GL Premium Partner / High-End Ext. & Care
GL-0194;Duisburg Exclusiv Friseur #13;Königstraße 55;47051;Duisburg;+49 984 236021;Keratin Bonds, Luxury Hair Extensions & Premium Care;GL - Great Lengths Partner;GL Premium Partner / High-End Ext. & Care
GL-0195;Duisburg Premium Coiffeur #14;Düsseldorfer Straße 19;47052;Duisburg;+49 269 371039;Keratin Bonds, Luxury Hair Extensions & Premium Care;GL - Great Lengths Partner;GL Premium Partner / High-End Ext. & Care
GL-0196;Duisburg Premium Coiffeur #15;Friedrich-Wilhelm-Straße 96;47053;Duisburg;+49 948 140476;Keratin Bonds, Luxury Hair Extensions & Premium Care;GL - Great Lengths Partner;GL Premium Partner / High-End Ext. & Care
GL-0197;Duisburg Hair Couture #16;Königstraße 33;47054;Duisburg;+49 948 601614;Keratin Bonds, Luxury Hair Extensions & Premium Care;GL - Great Lengths Partner;GL Premium Partner / High-End Ext. & Care
GL-0198;Duisburg Exclusiv Friseur #17;Düsseldorfer Straße 112;47055;Duisburg;+49 864 494130;Keratin Bonds, Luxury Hair Extensions & Premium Care;GL - Great Lengths Partner;GL Premium Partner / High-End Ext. & Care
GL-0199;Bochum The Art of Hair #1;Kortumstraße 40;44787;Bochum;+49 600 259201;Keratin Bonds, Luxury Hair Extensions & Premium Care;GL - Great Lengths Partner;GL Premium Partner / High-End Ext. & Care
GL-0200;Bochum Hair Couture #2;Bermuda3Eck 39;44788;Bochum;+49 767 648044;Keratin Bonds, Luxury Hair Extensions & Premium Care;GL - Great Lengths Partner;GL Premium Partner / High-End Ext. & Care
GL-0201;Bochum Exclusiv Friseur #3;Huestraße 147;44789;Bochum;+49 735 256188;Keratin Bonds, Luxury Hair Extensions & Premium Care;GL - Great Lengths Partner;GL Premium Partner / High-End Ext. & Care
GL-0202;Bochum Luxury Hair Lounge #4;Königsallee 100;44790;Bochum;+49 441 922549;Keratin Bonds, Luxury Hair Extensions & Premium Care;GL - Great Lengths Partner;GL Premium Partner / High-End Ext. & Care
GL-0203;Bochum Top Hair Studio #5;Kortumstraße 33;44791;Bochum;+49 517 949991;Keratin Bonds, Luxury Hair Extensions & Premium Care;GL - Great Lengths Partner;GL Premium Partner / High-End Ext. & Care
GL-0204;Bochum Couture Extensions #6;Bermuda3Eck 135;44792;Bochum;+49 749 537925;Keratin Bonds, Luxury Hair Extensions & Premium Care;GL - Great Lengths Partner;GL Premium Partner / High-End Ext. & Care
GL-0205;Bochum Haarverlängerung Meister #7;Huestraße 131;44787;Bochum;+49 937 809711;Keratin Bonds, Luxury Hair Extensions & Premium Care;GL - Great Lengths Partner;GL Premium Partner / High-End Ext. & Care
GL-0206;Bochum The Art of Hair #8;Königsallee 25;44788;Bochum;+49 739 652913;Keratin Bonds, Luxury Hair Extensions & Premium Care;GL - Great Lengths Partner;GL Premium Partner / High-End Ext. & Care
GL-0207;Bochum Top Hair Studio #9;Kortumstraße 150;44789;Bochum;+49 381 448262;Keratin Bonds, Luxury Hair Extensions & Premium Care;GL - Great Lengths Partner;GL Premium Partner / High-End Ext. & Care
GL-0208;Bochum Hair Couture #10;Bermuda3Eck 89;44790;Bochum;+49 691 321535;Keratin Bonds, Luxury Hair Extensions & Premium Care;GL - Great Lengths Partner;GL Premium Partner / High-End Ext. & Care
GL-0209;Bochum The Art of Hair #11;Huestraße 27;44791;Bochum;+49 639 117992;Keratin Bonds, Luxury Hair Extensions & Premium Care;GL - Great Lengths Partner;GL Premium Partner / High-End Ext. & Care
GL-0210;Bochum Top Hair Studio #12;Königsallee 27;44792;Bochum;+49 598 990212;Keratin Bonds, Luxury Hair Extensions & Premium Care;GL - Great Lengths Partner;GL Premium Partner / High-End Ext. & Care
GL-0211;Bochum Premium Coiffeur #13;Kortumstraße 75;44787;Bochum;+49 281 440905;Keratin Bonds, Luxury Hair Extensions & Premium Care;GL - Great Lengths Partner;GL Premium Partner / High-End Ext. & Care
GL-0212;Bochum Haarverlängerung Meister #14;Bermuda3Eck 128;44788;Bochum;+49 217 390926;Keratin Bonds, Luxury Hair Extensions & Premium Care;GL - Great Lengths Partner;GL Premium Partner / High-End Ext. & Care
GL-0213;Bochum Premium Coiffeur #15;Huestraße 21;44789;Bochum;+49 370 423898;Keratin Bonds, Luxury Hair Extensions & Premium Care;GL - Great Lengths Partner;GL Premium Partner / High-End Ext. & Care
GL-0214;Bochum The Art of Hair #16;Königsallee 31;44790;Bochum;+49 293 159591;Keratin Bonds, Luxury Hair Extensions & Premium Care;GL - Great Lengths Partner;GL Premium Partner / High-End Ext. & Care
GL-0215;Wuppertal The Art of Hair #1;Elberfelder Straße 86;42103;Wuppertal;+49 532 303763;Keratin Bonds, Luxury Hair Extensions & Premium Care;GL - Great Lengths Partner;GL Premium Partner / High-End Ext. & Care
GL-0216;Wuppertal Haarverlängerung Meister #2;Merianstraße 97;42104;Wuppertal;+49 329 758934;Keratin Bonds, Luxury Hair Extensions & Premium Care;GL - Great Lengths Partner;GL Premium Partner / High-End Ext. & Care
GL-0217;Wuppertal Haarverlängerung Meister #3;Aue 129;42105;Wuppertal;+49 406 975574;Keratin Bonds, Luxury Hair Extensions & Premium Care;GL - Great Lengths Partner;GL Premium Partner / High-End Ext. & Care
GL-0218;Wuppertal The Art of Hair #4;Kaiserstraße 19;42106;Wuppertal;+49 493 396814;Keratin Bonds, Luxury Hair Extensions & Premium Care;GL - Great Lengths Partner;GL Premium Partner / High-End Ext. & Care
GL-0219;Wuppertal Premium Coiffeur #5;Elberfelder Straße 68;42107;Wuppertal;+49 630 911512;Keratin Bonds, Luxury Hair Extensions & Premium Care;GL - Great Lengths Partner;GL Premium Partner / High-End Ext. & Care
GL-0220;Wuppertal Haarverlängerung Meister #6;Merianstraße 37;42108;Wuppertal;+49 518 335472;Keratin Bonds, Luxury Hair Extensions & Premium Care;GL - Great Lengths Partner;GL Premium Partner / High-End Ext. & Care
GL-0221;Wuppertal Top Hair Studio #7;Aue 104;42103;Wuppertal;+49 213 306629;Keratin Bonds, Luxury Hair Extensions & Premium Care;GL - Great Lengths Partner;GL Premium Partner / High-End Ext. & Care
GL-0222;Wuppertal Premium Coiffeur #8;Kaiserstraße 23;42104;Wuppertal;+49 543 335675;Keratin Bonds, Luxury Hair Extensions & Premium Care;GL - Great Lengths Partner;GL Premium Partner / High-End Ext. & Care
GL-0223;Wuppertal Premium Coiffeur #9;Elberfelder Straße 67;42105;Wuppertal;+49 593 329851;Keratin Bonds, Luxury Hair Extensions & Premium Care;GL - Great Lengths Partner;GL Premium Partner / High-End Ext. & Care
GL-0224;Wuppertal Luxury Hair Lounge #10;Merianstraße 34;42106;Wuppertal;+49 942 378562;Keratin Bonds, Luxury Hair Extensions & Premium Care;GL - Great Lengths Partner;GL Premium Partner / High-End Ext. & Care
GL-0225;Wuppertal Luxury Hair Lounge #11;Aue 109;42107;Wuppertal;+49 562 389225;Keratin Bonds, Luxury Hair Extensions & Premium Care;GL - Great Lengths Partner;GL Premium Partner / High-End Ext. & Care
GL-0226;Bielefeld Couture Extensions #1;Bahnhofstraße 49;33602;Bielefeld;+49 327 214729;Keratin Bonds, Luxury Hair Extensions & Premium Care;GL - Great Lengths Partner;GL Premium Partner / High-End Ext. & Care
GL-0227;Bielefeld Couture Extensions #2;Niedernstraße 76;33603;Bielefeld;+49 575 961356;Keratin Bonds, Luxury Hair Extensions & Premium Care;GL - Great Lengths Partner;GL Premium Partner / High-End Ext. & Care
GL-0228;Bielefeld Exclusiv Friseur #3;Jahnplatz 76;33604;Bielefeld;+49 322 203547;Keratin Bonds, Luxury Hair Extensions & Premium Care;GL - Great Lengths Partner;GL Premium Partner / High-End Ext. & Care
GL-0229;Bielefeld Premium Coiffeur #4;Arndtstraße 149;33605;Bielefeld;+49 453 116837;Keratin Bonds, Luxury Hair Extensions & Premium Care;GL - Great Lengths Partner;GL Premium Partner / High-End Ext. & Care
GL-0230;Bielefeld Couture Extensions #5;Bahnhofstraße 131;33606;Bielefeld;+49 279 794353;Keratin Bonds, Luxury Hair Extensions & Premium Care;GL - Great Lengths Partner;GL Premium Partner / High-End Ext. & Care
GL-0231;Bielefeld The Art of Hair #6;Niedernstraße 134;33607;Bielefeld;+49 929 242515;Keratin Bonds, Luxury Hair Extensions & Premium Care;GL - Great Lengths Partner;GL Premium Partner / High-End Ext. & Care
GL-0232;Bielefeld Luxury Hair Lounge #7;Jahnplatz 13;33602;Bielefeld;+49 938 922956;Keratin Bonds, Luxury Hair Extensions & Premium Care;GL - Great Lengths Partner;GL Premium Partner / High-End Ext. & Care
GL-0233;Bielefeld Haarverlängerung Meister #8;Arndtstraße 101;33603;Bielefeld;+49 504 806120;Keratin Bonds, Luxury Hair Extensions & Premium Care;GL - Great Lengths Partner;GL Premium Partner / High-End Ext. & Care
GL-0234;Bielefeld Exclusiv Friseur #9;Bahnhofstraße 84;33604;Bielefeld;+49 518 675515;Keratin Bonds, Luxury Hair Extensions & Premium Care;GL - Great Lengths Partner;GL Premium Partner / High-End Ext. & Care
GL-0235;Bielefeld The Art of Hair #10;Niedernstraße 72;33605;Bielefeld;+49 396 827802;Keratin Bonds, Luxury Hair Extensions & Premium Care;GL - Great Lengths Partner;GL Premium Partner / High-End Ext. & Care
GL-0236;Bielefeld Exclusiv Friseur #11;Jahnplatz 81;33606;Bielefeld;+49 642 625505;Keratin Bonds, Luxury Hair Extensions & Premium Care;GL - Great Lengths Partner;GL Premium Partner / High-End Ext. & Care
GL-0237;Bielefeld Haarverlängerung Meister #12;Arndtstraße 22;33607;Bielefeld;+49 405 290283;Keratin Bonds, Luxury Hair Extensions & Premium Care;GL - Great Lengths Partner;GL Premium Partner / High-End Ext. & Care
GL-0238;Bonn Luxury Hair Lounge #1;Wenzelgasse 132;53111;Bonn;+49 842 940521;Keratin Bonds, Luxury Hair Extensions & Premium Care;GL - Great Lengths Partner;GL Premium Partner / High-End Ext. & Care
GL-0239;Bonn The Art of Hair #2;Münsterstraße 104;53112;Bonn;+49 714 315732;Keratin Bonds, Luxury Hair Extensions & Premium Care;GL - Great Lengths Partner;GL Premium Partner / High-End Ext. & Care
GL-0240;Bonn Exclusiv Friseur #3;Remigiusstraße 7;53113;Bonn;+49 725 291790;Keratin Bonds, Luxury Hair Extensions & Premium Care;GL - Great Lengths Partner;GL Premium Partner / High-End Ext. & Care
GL-0241;Bonn Hair Couture #4;Poststraße 96;53114;Bonn;+49 648 261600;Keratin Bonds, Luxury Hair Extensions & Premium Care;GL - Great Lengths Partner;GL Premium Partner / High-End Ext. & Care
GL-0242;Bonn Premium Coiffeur #5;Wenzelgasse 67;53115;Bonn;+49 695 399160;Keratin Bonds, Luxury Hair Extensions & Premium Care;GL - Great Lengths Partner;GL Premium Partner / High-End Ext. & Care
GL-0243;Bonn Exclusiv Friseur #6;Münsterstraße 70;53116;Bonn;+49 842 702280;Keratin Bonds, Luxury Hair Extensions & Premium Care;GL - Great Lengths Partner;GL Premium Partner / High-End Ext. & Care
GL-0244;Bonn Couture Extensions #7;Remigiusstraße 37;53111;Bonn;+49 216 211600;Keratin Bonds, Luxury Hair Extensions & Premium Care;GL - Great Lengths Partner;GL Premium Partner / High-End Ext. & Care
GL-0245;Bonn Luxury Hair Lounge #8;Poststraße 46;53112;Bonn;+49 378 573032;Keratin Bonds, Luxury Hair Extensions & Premium Care;GL - Great Lengths Partner;GL Premium Partner / High-End Ext. & Care
GL-0246;Bonn Haarverlängerung Meister #9;Wenzelgasse 70;53113;Bonn;+49 773 529661;Keratin Bonds, Luxury Hair Extensions & Premium Care;GL - Great Lengths Partner;GL Premium Partner / High-End Ext. & Care
GL-0247;Bonn Hair Couture #10;Münsterstraße 79;53114;Bonn;+49 225 876068;Keratin Bonds, Luxury Hair Extensions & Premium Care;GL - Great Lengths Partner;GL Premium Partner / High-End Ext. & Care
GL-0248;Bonn Couture Extensions #11;Remigiusstraße 41;53115;Bonn;+49 952 322530;Keratin Bonds, Luxury Hair Extensions & Premium Care;GL - Great Lengths Partner;GL Premium Partner / High-End Ext. & Care
GL-0249;Bonn Haarverlängerung Meister #12;Poststraße 3;53116;Bonn;+49 686 964088;Keratin Bonds, Luxury Hair Extensions & Premium Care;GL - Great Lengths Partner;GL Premium Partner / High-End Ext. & Care
GL-0250;Bonn Hair Couture #13;Wenzelgasse 105;53111;Bonn;+49 428 599470;Keratin Bonds, Luxury Hair Extensions & Premium Care;GL - Great Lengths Partner;GL Premium Partner / High-End Ext. & Care
GL-0251;Münster Couture Extensions #1;Prinzipalmarkt 45;48143;Münster;+49 673 827830;Keratin Bonds, Luxury Hair Extensions & Premium Care;GL - Great Lengths Partner;GL Premium Partner / High-End Ext. & Care
GL-0252;Münster Luxury Hair Lounge #2;Salzstraße 20;48144;Münster;+49 254 511961;Keratin Bonds, Luxury Hair Extensions & Premium Care;GL - Great Lengths Partner;GL Premium Partner / High-End Ext. & Care
GL-0253;Münster Luxury Hair Lounge #3;Ludgeristraße 35;48145;Münster;+49 258 562336;Keratin Bonds, Luxury Hair Extensions & Premium Care;GL - Great Lengths Partner;GL Premium Partner / High-End Ext. & Care
GL-0254;Münster Premium Coiffeur #4;Stubengasse 135;48146;Münster;+49 243 370171;Keratin Bonds, Luxury Hair Extensions & Premium Care;GL - Great Lengths Partner;GL Premium Partner / High-End Ext. & Care
GL-0255;Münster Premium Coiffeur #5;Prinzipalmarkt 99;48147;Münster;+49 630 270057;Keratin Bonds, Luxury Hair Extensions & Premium Care;GL - Great Lengths Partner;GL Premium Partner / High-End Ext. & Care
GL-0256;Münster Exclusiv Friseur #6;Salzstraße 49;48148;Münster;+49 792 881971;Keratin Bonds, Luxury Hair Extensions & Premium Care;GL - Great Lengths Partner;GL Premium Partner / High-End Ext. & Care
GL-0257;Münster Couture Extensions #7;Ludgeristraße 136;48143;Münster;+49 769 732478;Keratin Bonds, Luxury Hair Extensions & Premium Care;GL - Great Lengths Partner;GL Premium Partner / High-End Ext. & Care
GL-0258;Münster Hair Couture #8;Stubengasse 143;48144;Münster;+49 864 353457;Keratin Bonds, Luxury Hair Extensions & Premium Care;GL - Great Lengths Partner;GL Premium Partner / High-End Ext. & Care
GL-0259;Münster Premium Coiffeur #9;Prinzipalmarkt 37;48145;Münster;+49 212 610168;Keratin Bonds, Luxury Hair Extensions & Premium Care;GL - Great Lengths Partner;GL Premium Partner / High-End Ext. & Care
GL-0260;Münster Hair Couture #10;Salzstraße 93;48146;Münster;+49 204 171607;Keratin Bonds, Luxury Hair Extensions & Premium Care;GL - Great Lengths Partner;GL Premium Partner / High-End Ext. & Care
GL-0261;Münster Couture Extensions #11;Ludgeristraße 29;48147;Münster;+49 643 279154;Keratin Bonds, Luxury Hair Extensions & Premium Care;GL - Great Lengths Partner;GL Premium Partner / High-End Ext. & Care
GL-0262;Münster Luxury Hair Lounge #12;Stubengasse 43;48148;Münster;+49 667 635745;Keratin Bonds, Luxury Hair Extensions & Premium Care;GL - Great Lengths Partner;GL Premium Partner / High-End Ext. & Care
GL-0263;Karlsruhe Exclusiv Friseur #1;Kaiserstraße 24;76133;Karlsruhe;+49 660 650058;Keratin Bonds, Luxury Hair Extensions & Premium Care;GL - Great Lengths Partner;GL Premium Partner / High-End Ext. & Care
GL-0264;Karlsruhe Hair Couture #2;Lammstraße 63;76134;Karlsruhe;+49 504 433696;Keratin Bonds, Luxury Hair Extensions & Premium Care;GL - Great Lengths Partner;GL Premium Partner / High-End Ext. & Care
GL-0265;Karlsruhe Haarverlängerung Meister #3;Herrenstraße 105;76135;Karlsruhe;+49 465 736220;Keratin Bonds, Luxury Hair Extensions & Premium Care;GL - Great Lengths Partner;GL Premium Partner / High-End Ext. & Care
GL-0266;Karlsruhe Top Hair Studio #4;Ettlinger Straße 103;76136;Karlsruhe;+49 701 206421;Keratin Bonds, Luxury Hair Extensions & Premium Care;GL - Great Lengths Partner;GL Premium Partner / High-End Ext. & Care
GL-0267;Karlsruhe Exclusiv Friseur #5;Kaiserstraße 103;76137;Karlsruhe;+49 991 468213;Keratin Bonds, Luxury Hair Extensions & Premium Care;GL - Great Lengths Partner;GL Premium Partner / High-End Ext. & Care
GL-0268;Karlsruhe Haarverlängerung Meister #6;Lammstraße 61;76138;Karlsruhe;+49 550 790313;Keratin Bonds, Luxury Hair Extensions & Premium Care;GL - Great Lengths Partner;GL Premium Partner / High-End Ext. & Care
GL-0269;Karlsruhe Exclusiv Friseur #7;Herrenstraße 105;76133;Karlsruhe;+49 683 862319;Keratin Bonds, Luxury Hair Extensions & Premium Care;GL - Great Lengths Partner;GL Premium Partner / High-End Ext. & Care
GL-0270;Karlsruhe Premium Coiffeur #8;Ettlinger Straße 84;76134;Karlsruhe;+49 437 798105;Keratin Bonds, Luxury Hair Extensions & Premium Care;GL - Great Lengths Partner;GL Premium Partner / High-End Ext. & Care
GL-0271;Karlsruhe Top Hair Studio #9;Kaiserstraße 113;76135;Karlsruhe;+49 567 902588;Keratin Bonds, Luxury Hair Extensions & Premium Care;GL - Great Lengths Partner;GL Premium Partner / High-End Ext. & Care
GL-0272;Karlsruhe Premium Coiffeur #10;Lammstraße 57;76136;Karlsruhe;+49 459 152865;Keratin Bonds, Luxury Hair Extensions & Premium Care;GL - Great Lengths Partner;GL Premium Partner / High-End Ext. & Care
GL-0273;Karlsruhe Luxury Hair Lounge #11;Herrenstraße 7;76137;Karlsruhe;+49 320 756768;Keratin Bonds, Luxury Hair Extensions & Premium Care;GL - Great Lengths Partner;GL Premium Partner / High-End Ext. & Care
GL-0274;Mannheim The Art of Hair #1;Planken 27;68161;Mannheim;+49 401 140578;Keratin Bonds, Luxury Hair Extensions & Premium Care;GL - Great Lengths Partner;GL Premium Partner / High-End Ext. & Care
GL-0275;Mannheim Hair Couture #2;Breite Straße 54;68162;Mannheim;+49 487 646000;Keratin Bonds, Luxury Hair Extensions & Premium Care;GL - Great Lengths Partner;GL Premium Partner / High-End Ext. & Care
GL-0276;Mannheim Luxury Hair Lounge #3;Fressgasse 117;68163;Mannheim;+49 781 248968;Keratin Bonds, Luxury Hair Extensions & Premium Care;GL - Great Lengths Partner;GL Premium Partner / High-End Ext. & Care
GL-0277;Mannheim Premium Coiffeur #4;O 7 70;68164;Mannheim;+49 874 609638;Keratin Bonds, Luxury Hair Extensions & Premium Care;GL - Great Lengths Partner;GL Premium Partner / High-End Ext. & Care
GL-0278;Mannheim Haarverlängerung Meister #5;N 7 49;68165;Mannheim;+49 986 465381;Keratin Bonds, Luxury Hair Extensions & Premium Care;GL - Great Lengths Partner;GL Premium Partner / High-End Ext. & Care
GL-0279;Mannheim Top Hair Studio #6;Planken 123;68166;Mannheim;+49 541 660698;Keratin Bonds, Luxury Hair Extensions & Premium Care;GL - Great Lengths Partner;GL Premium Partner / High-End Ext. & Care
GL-0280;Mannheim Couture Extensions #7;Breite Straße 143;68161;Mannheim;+49 893 614625;Keratin Bonds, Luxury Hair Extensions & Premium Care;GL - Great Lengths Partner;GL Premium Partner / High-End Ext. & Care
GL-0281;Mannheim Couture Extensions #8;Fressgasse 81;68162;Mannheim;+49 833 103170;Keratin Bonds, Luxury Hair Extensions & Premium Care;GL - Great Lengths Partner;GL Premium Partner / High-End Ext. & Care
GL-0282;Mannheim Exclusiv Friseur #9;O 7 81;68163;Mannheim;+49 430 990097;Keratin Bonds, Luxury Hair Extensions & Premium Care;GL - Great Lengths Partner;GL Premium Partner / High-End Ext. & Care
GL-0283;Mannheim Haarverlängerung Meister #10;N 7 130;68164;Mannheim;+49 776 485766;Keratin Bonds, Luxury Hair Extensions & Premium Care;GL - Great Lengths Partner;GL Premium Partner / High-End Ext. & Care
GL-0284;Mannheim The Art of Hair #11;Planken 142;68165;Mannheim;+49 919 706105;Keratin Bonds, Luxury Hair Extensions & Premium Care;GL - Great Lengths Partner;GL Premium Partner / High-End Ext. & Care
GL-0285;Mannheim Haarverlängerung Meister #12;Breite Straße 126;68166;Mannheim;+49 238 634585;Keratin Bonds, Luxury Hair Extensions & Premium Care;GL - Great Lengths Partner;GL Premium Partner / High-End Ext. & Care
GL-0286;Augsburg Couture Extensions #1;Annastraße 111;86150;Augsburg;+49 908 371064;Keratin Bonds, Luxury Hair Extensions & Premium Care;GL - Great Lengths Partner;GL Premium Partner / High-End Ext. & Care
GL-0287;Augsburg Couture Extensions #2;Bürgermeister-Fischer-Straße 14;86151;Augsburg;+49 446 129791;Keratin Bonds, Luxury Hair Extensions & Premium Care;GL - Great Lengths Partner;GL Premium Partner / High-End Ext. & Care
GL-0288;Augsburg Exclusiv Friseur #3;Steingasse 93;86152;Augsburg;+49 725 174140;Keratin Bonds, Luxury Hair Extensions & Premium Care;GL - Great Lengths Partner;GL Premium Partner / High-End Ext. & Care
GL-0289;Augsburg Exclusiv Friseur #4;Annastraße 122;86153;Augsburg;+49 830 323888;Keratin Bonds, Luxury Hair Extensions & Premium Care;GL - Great Lengths Partner;GL Premium Partner / High-End Ext. & Care
GL-0290;Augsburg Top Hair Studio #5;Bürgermeister-Fischer-Straße 120;86154;Augsburg;+49 726 893470;Keratin Bonds, Luxury Hair Extensions & Premium Care;GL - Great Lengths Partner;GL Premium Partner / High-End Ext. & Care
GL-0291;Augsburg Top Hair Studio #6;Steingasse 149;86155;Augsburg;+49 702 205812;Keratin Bonds, Luxury Hair Extensions & Premium Care;GL - Great Lengths Partner;GL Premium Partner / High-End Ext. & Care
GL-0292;Augsburg Haarverlängerung Meister #7;Annastraße 133;86150;Augsburg;+49 932 750439;Keratin Bonds, Luxury Hair Extensions & Premium Care;GL - Great Lengths Partner;GL Premium Partner / High-End Ext. & Care
GL-0293;Augsburg Premium Coiffeur #8;Bürgermeister-Fischer-Straße 22;86151;Augsburg;+49 680 743650;Keratin Bonds, Luxury Hair Extensions & Premium Care;GL - Great Lengths Partner;GL Premium Partner / High-End Ext. & Care
GL-0294;Augsburg The Art of Hair #9;Steingasse 31;86152;Augsburg;+49 537 695913;Keratin Bonds, Luxury Hair Extensions & Premium Care;GL - Great Lengths Partner;GL Premium Partner / High-End Ext. & Care
GL-0295;Augsburg Luxury Hair Lounge #10;Annastraße 138;86153;Augsburg;+49 991 666117;Keratin Bonds, Luxury Hair Extensions & Premium Care;GL - Great Lengths Partner;GL Premium Partner / High-End Ext. & Care
GL-0296;Augsburg Luxury Hair Lounge #11;Bürgermeister-Fischer-Straße 91;86154;Augsburg;+49 829 272595;Keratin Bonds, Luxury Hair Extensions & Premium Care;GL - Great Lengths Partner;GL Premium Partner / High-End Ext. & Care
GL-0297;Augsburg Premium Coiffeur #12;Steingasse 116;86155;Augsburg;+49 312 392006;Keratin Bonds, Luxury Hair Extensions & Premium Care;GL - Great Lengths Partner;GL Premium Partner / High-End Ext. & Care
GL-0298;Augsburg Hair Couture #13;Annastraße 55;86150;Augsburg;+49 476 514120;Keratin Bonds, Luxury Hair Extensions & Premium Care;GL - Great Lengths Partner;GL Premium Partner / High-End Ext. & Care
GL-0299;Augsburg Exclusiv Friseur #14;Bürgermeister-Fischer-Straße 85;86151;Augsburg;+49 807 170940;Keratin Bonds, Luxury Hair Extensions & Premium Care;GL - Great Lengths Partner;GL Premium Partner / High-End Ext. & Care
GL-0300;Augsburg Premium Coiffeur #15;Steingasse 57;86152;Augsburg;+49 254 656858;Keratin Bonds, Luxury Hair Extensions & Premium Care;GL - Great Lengths Partner;GL Premium Partner / High-End Ext. & Care
GL-0301;Wiesbaden The Art of Hair #1;Wilhelmstraße 82;65183;Wiesbaden;+49 384 989397;Keratin Bonds, Luxury Hair Extensions & Premium Care;GL - Great Lengths Partner;GL Premium Partner / High-End Ext. & Care
GL-0302;Wiesbaden Top Hair Studio #2;Kirchgasse 80;65184;Wiesbaden;+49 462 328795;Keratin Bonds, Luxury Hair Extensions & Premium Care;GL - Great Lengths Partner;GL Premium Partner / High-End Ext. & Care
GL-0303;Wiesbaden Premium Coiffeur #3;Taunusstraße 118;65185;Wiesbaden;+49 961 983563;Keratin Bonds, Luxury Hair Extensions & Premium Care;GL - Great Lengths Partner;GL Premium Partner / High-End Ext. & Care
GL-0304;Wiesbaden Hair Couture #4;Rheinstraße 72;65186;Wiesbaden;+49 815 113247;Keratin Bonds, Luxury Hair Extensions & Premium Care;GL - Great Lengths Partner;GL Premium Partner / High-End Ext. & Care
GL-0305;Wiesbaden Premium Coiffeur #5;Wilhelmstraße 17;65187;Wiesbaden;+49 223 925169;Keratin Bonds, Luxury Hair Extensions & Premium Care;GL - Great Lengths Partner;GL Premium Partner / High-End Ext. & Care
GL-0306;Wiesbaden Hair Couture #6;Kirchgasse 140;65188;Wiesbaden;+49 933 236359;Keratin Bonds, Luxury Hair Extensions & Premium Care;GL - Great Lengths Partner;GL Premium Partner / High-End Ext. & Care
GL-0307;Wiesbaden Haarverlängerung Meister #7;Taunusstraße 76;65183;Wiesbaden;+49 874 679136;Keratin Bonds, Luxury Hair Extensions & Premium Care;GL - Great Lengths Partner;GL Premium Partner / High-End Ext. & Care
GL-0308;Wiesbaden Top Hair Studio #8;Rheinstraße 61;65184;Wiesbaden;+49 962 701252;Keratin Bonds, Luxury Hair Extensions & Premium Care;GL - Great Lengths Partner;GL Premium Partner / High-End Ext. & Care
GL-0309;Wiesbaden Couture Extensions #9;Wilhelmstraße 60;65185;Wiesbaden;+49 830 536326;Keratin Bonds, Luxury Hair Extensions & Premium Care;GL - Great Lengths Partner;GL Premium Partner / High-End Ext. & Care
GL-0310;Wiesbaden Luxury Hair Lounge #10;Kirchgasse 12;65186;Wiesbaden;+49 408 677869;Keratin Bonds, Luxury Hair Extensions & Premium Care;GL - Great Lengths Partner;GL Premium Partner / High-End Ext. & Care
GL-0311;Wiesbaden Exclusiv Friseur #11;Taunusstraße 145;65187;Wiesbaden;+49 511 341488;Keratin Bonds, Luxury Hair Extensions & Premium Care;GL - Great Lengths Partner;GL Premium Partner / High-End Ext. & Care
GL-0312;Wiesbaden Exclusiv Friseur #12;Rheinstraße 93;65188;Wiesbaden;+49 353 724928;Keratin Bonds, Luxury Hair Extensions & Premium Care;GL - Great Lengths Partner;GL Premium Partner / High-End Ext. & Care
GL-0313;Wiesbaden Haarverlängerung Meister #13;Wilhelmstraße 99;65183;Wiesbaden;+49 481 867252;Keratin Bonds, Luxury Hair Extensions & Premium Care;GL - Great Lengths Partner;GL Premium Partner / High-End Ext. & Care
GL-0314;Wiesbaden Premium Coiffeur #14;Kirchgasse 128;65184;Wiesbaden;+49 376 384560;Keratin Bonds, Luxury Hair Extensions & Premium Care;GL - Great Lengths Partner;GL Premium Partner / High-End Ext. & Care
GL-0315;Wiesbaden Premium Coiffeur #15;Taunusstraße 57;65185;Wiesbaden;+49 635 214810;Keratin Bonds, Luxury Hair Extensions & Premium Care;GL - Great Lengths Partner;GL Premium Partner / High-End Ext. & Care
GL-0316;Wiesbaden Haarverlängerung Meister #16;Rheinstraße 20;65186;Wiesbaden;+49 405 247384;Keratin Bonds, Luxury Hair Extensions & Premium Care;GL - Great Lengths Partner;GL Premium Partner / High-End Ext. & Care
GL-0317;Wiesbaden The Art of Hair #17;Wilhelmstraße 23;65187;Wiesbaden;+49 556 366380;Keratin Bonds, Luxury Hair Extensions & Premium Care;GL - Great Lengths Partner;GL Premium Partner / High-End Ext. & Care
GL-0318;Wiesbaden Hair Couture #18;Kirchgasse 88;65188;Wiesbaden;+49 516 836473;Keratin Bonds, Luxury Hair Extensions & Premium Care;GL - Great Lengths Partner;GL Premium Partner / High-End Ext. & Care
GL-0319;Aachen Hair Couture #1;Adalbertstraße 16;52062;Aachen;+49 951 836097;Keratin Bonds, Luxury Hair Extensions & Premium Care;GL - Great Lengths Partner;GL Premium Partner / High-End Ext. & Care
GL-0320;Aachen The Art of Hair #2;Krämerstraße 88;52063;Aachen;+49 640 827123;Keratin Bonds, Luxury Hair Extensions & Premium Care;GL - Great Lengths Partner;GL Premium Partner / High-End Ext. & Care
GL-0321;Aachen Premium Coiffeur #3;Pontstraße 72;52064;Aachen;+49 611 782188;Keratin Bonds, Luxury Hair Extensions & Premium Care;GL - Great Lengths Partner;GL Premium Partner / High-End Ext. & Care
GL-0322;Aachen Haarverlängerung Meister #4;Adalbertstraße 104;52065;Aachen;+49 613 688947;Keratin Bonds, Luxury Hair Extensions & Premium Care;GL - Great Lengths Partner;GL Premium Partner / High-End Ext. & Care
GL-0323;Aachen Exclusiv Friseur #5;Krämerstraße 142;52066;Aachen;+49 266 404948;Keratin Bonds, Luxury Hair Extensions & Premium Care;GL - Great Lengths Partner;GL Premium Partner / High-End Ext. & Care
GL-0324;Aachen Top Hair Studio #6;Pontstraße 147;52067;Aachen;+49 508 704428;Keratin Bonds, Luxury Hair Extensions & Premium Care;GL - Great Lengths Partner;GL Premium Partner / High-End Ext. & Care
GL-0325;Aachen Premium Coiffeur #7;Adalbertstraße 22;52062;Aachen;+49 498 815793;Keratin Bonds, Luxury Hair Extensions & Premium Care;GL - Great Lengths Partner;GL Premium Partner / High-End Ext. & Care
GL-0326;Aachen Couture Extensions #8;Krämerstraße 143;52063;Aachen;+49 676 963014;Keratin Bonds, Luxury Hair Extensions & Premium Care;GL - Great Lengths Partner;GL Premium Partner / High-End Ext. & Care
GL-0327;Aachen Haarverlängerung Meister #9;Pontstraße 124;52064;Aachen;+49 836 938276;Keratin Bonds, Luxury Hair Extensions & Premium Care;GL - Great Lengths Partner;GL Premium Partner / High-End Ext. & Care
GL-0328;Aachen Premium Coiffeur #10;Adalbertstraße 144;52065;Aachen;+49 671 333433;Keratin Bonds, Luxury Hair Extensions & Premium Care;GL - Great Lengths Partner;GL Premium Partner / High-End Ext. & Care
GL-0329;Aachen Haarverlängerung Meister #11;Krämerstraße 52;52066;Aachen;+49 547 174309;Keratin Bonds, Luxury Hair Extensions & Premium Care;GL - Great Lengths Partner;GL Premium Partner / High-End Ext. & Care
GL-0330;Aachen Hair Couture #12;Pontstraße 112;52067;Aachen;+49 253 868451;Keratin Bonds, Luxury Hair Extensions & Premium Care;GL - Great Lengths Partner;GL Premium Partner / High-End Ext. & Care
GL-0331;Aachen Luxury Hair Lounge #13;Adalbertstraße 54;52062;Aachen;+49 920 344313;Keratin Bonds, Luxury Hair Extensions & Premium Care;GL - Great Lengths Partner;GL Premium Partner / High-End Ext. & Care
GL-0332;Aachen Premium Coiffeur #14;Krämerstraße 8;52063;Aachen;+49 872 339423;Keratin Bonds, Luxury Hair Extensions & Premium Care;GL - Great Lengths Partner;GL Premium Partner / High-End Ext. & Care
GL-0333;Aachen Couture Extensions #15;Pontstraße 1;52064;Aachen;+49 620 308510;Keratin Bonds, Luxury Hair Extensions & Premium Care;GL - Great Lengths Partner;GL Premium Partner / High-End Ext. & Care
GL-0334;Aachen The Art of Hair #16;Adalbertstraße 26;52065;Aachen;+49 524 204670;Keratin Bonds, Luxury Hair Extensions & Premium Care;GL - Great Lengths Partner;GL Premium Partner / High-End Ext. & Care
GL-0335;Freiburg im Breisgau Haarverlängerung Meister #1;Kaiser-Joseph-Straße 64;79098;Freiburg im Breisgau;+49 967 970742;Keratin Bonds, Luxury Hair Extensions & Premium Care;GL - Great Lengths Partner;GL Premium Partner / High-End Ext. & Care
GL-0336;Freiburg im Breisgau Haarverlängerung Meister #2;Schusterstraße 80;79099;Freiburg im Breisgau;+49 709 263963;Keratin Bonds, Luxury Hair Extensions & Premium Care;GL - Great Lengths Partner;GL Premium Partner / High-End Ext. & Care
GL-0337;Freiburg im Breisgau Premium Coiffeur #3;Gerberau 48;79100;Freiburg im Breisgau;+49 825 538953;Keratin Bonds, Luxury Hair Extensions & Premium Care;GL - Great Lengths Partner;GL Premium Partner / High-End Ext. & Care
GL-0338;Freiburg im Breisgau Couture Extensions #4;Kaiser-Joseph-Straße 146;79101;Freiburg im Breisgau;+49 232 207705;Keratin Bonds, Luxury Hair Extensions & Premium Care;GL - Great Lengths Partner;GL Premium Partner / High-End Ext. & Care
GL-0339;Freiburg im Breisgau Luxury Hair Lounge #5;Schusterstraße 75;79102;Freiburg im Breisgau;+49 543 771244;Keratin Bonds, Luxury Hair Extensions & Premium Care;GL - Great Lengths Partner;GL Premium Partner / High-End Ext. & Care
GL-0340;Freiburg im Breisgau Exclusiv Friseur #6;Gerberau 67;79103;Freiburg im Breisgau;+49 662 117102;Keratin Bonds, Luxury Hair Extensions & Premium Care;GL - Great Lengths Partner;GL Premium Partner / High-End Ext. & Care
GL-0341;Freiburg im Breisgau Luxury Hair Lounge #7;Kaiser-Joseph-Straße 96;79098;Freiburg im Breisgau;+49 655 775410;Keratin Bonds, Luxury Hair Extensions & Premium Care;GL - Great Lengths Partner;GL Premium Partner / High-End Ext. & Care
GL-0342;Freiburg im Breisgau Luxury Hair Lounge #8;Schusterstraße 116;79099;Freiburg im Breisgau;+49 974 710449;Keratin Bonds, Luxury Hair Extensions & Premium Care;GL - Great Lengths Partner;GL Premium Partner / High-End Ext. & Care
GL-0343;Freiburg im Breisgau Couture Extensions #9;Gerberau 60;79100;Freiburg im Breisgau;+49 933 565783;Keratin Bonds, Luxury Hair Extensions & Premium Care;GL - Great Lengths Partner;GL Premium Partner / High-End Ext. & Care
GL-0344;Freiburg im Breisgau Premium Coiffeur #10;Kaiser-Joseph-Straße 114;79101;Freiburg im Breisgau;+49 588 872688;Keratin Bonds, Luxury Hair Extensions & Premium Care;GL - Great Lengths Partner;GL Premium Partner / High-End Ext. & Care
GL-0345;Freiburg im Breisgau Luxury Hair Lounge #11;Schusterstraße 133;79102;Freiburg im Breisgau;+49 242 986312;Keratin Bonds, Luxury Hair Extensions & Premium Care;GL - Great Lengths Partner;GL Premium Partner / High-End Ext. & Care
GL-0346;Freiburg im Breisgau The Art of Hair #12;Gerberau 25;79103;Freiburg im Breisgau;+49 744 296997;Keratin Bonds, Luxury Hair Extensions & Premium Care;GL - Great Lengths Partner;GL Premium Partner / High-End Ext. & Care
GL-0347;Freiburg im Breisgau Premium Coiffeur #13;Kaiser-Joseph-Straße 145;79098;Freiburg im Breisgau;+49 588 796323;Keratin Bonds, Luxury Hair Extensions & Premium Care;GL - Great Lengths Partner;GL Premium Partner / High-End Ext. & Care
GL-0348;Lübeck Hair Couture #1;Breite Straße 143;23552;Lübeck;+49 606 923988;Keratin Bonds, Luxury Hair Extensions & Premium Care;GL - Great Lengths Partner;GL Premium Partner / High-End Ext. & Care
GL-0349;Lübeck Luxury Hair Lounge #2;Königstraße 13;23553;Lübeck;+49 379 157117;Keratin Bonds, Luxury Hair Extensions & Premium Care;GL - Great Lengths Partner;GL Premium Partner / High-End Ext. & Care
GL-0350;Lübeck Couture Extensions #3;Hüxstraße 29;23554;Lübeck;+49 435 288324;Keratin Bonds, Luxury Hair Extensions & Premium Care;GL - Great Lengths Partner;GL Premium Partner / High-End Ext. & Care
GL-0351;Lübeck Hair Couture #4;Breite Straße 137;23555;Lübeck;+49 698 122752;Keratin Bonds, Luxury Hair Extensions & Premium Care;GL - Great Lengths Partner;GL Premium Partner / High-End Ext. & Care
GL-0352;Lübeck Premium Coiffeur #5;Königstraße 52;23556;Lübeck;+49 859 207049;Keratin Bonds, Luxury Hair Extensions & Premium Care;GL - Great Lengths Partner;GL Premium Partner / High-End Ext. & Care
GL-0353;Lübeck Premium Coiffeur #6;Hüxstraße 127;23557;Lübeck;+49 264 650648;Keratin Bonds, Luxury Hair Extensions & Premium Care;GL - Great Lengths Partner;GL Premium Partner / High-End Ext. & Care
GL-0354;Lübeck Top Hair Studio #7;Breite Straße 82;23552;Lübeck;+49 341 688307;Keratin Bonds, Luxury Hair Extensions & Premium Care;GL - Great Lengths Partner;GL Premium Partner / High-End Ext. & Care
GL-0355;Lübeck Haarverlängerung Meister #8;Königstraße 106;23553;Lübeck;+49 452 112609;Keratin Bonds, Luxury Hair Extensions & Premium Care;GL - Great Lengths Partner;GL Premium Partner / High-End Ext. & Care
GL-0356;Lübeck Haarverlängerung Meister #9;Hüxstraße 16;23554;Lübeck;+49 448 718322;Keratin Bonds, Luxury Hair Extensions & Premium Care;GL - Great Lengths Partner;GL Premium Partner / High-End Ext. & Care
GL-0357;Lübeck Top Hair Studio #10;Breite Straße 75;23555;Lübeck;+49 371 153639;Keratin Bonds, Luxury Hair Extensions & Premium Care;GL - Great Lengths Partner;GL Premium Partner / High-End Ext. & Care
GL-0358;Kassel The Art of Hair #1;Obere Königsstraße 80;34117;Kassel;+49 583 459114;Keratin Bonds, Luxury Hair Extensions & Premium Care;GL - Great Lengths Partner;GL Premium Partner / High-End Ext. & Care
GL-0359;Kassel Haarverlängerung Meister #2;Friedrichstraße 34;34118;Kassel;+49 857 669508;Keratin Bonds, Luxury Hair Extensions & Premium Care;GL - Great Lengths Partner;GL Premium Partner / High-End Ext. & Care
GL-0360;Kassel Luxury Hair Lounge #3;Treppenstraße 58;34119;Kassel;+49 727 210553;Keratin Bonds, Luxury Hair Extensions & Premium Care;GL - Great Lengths Partner;GL Premium Partner / High-End Ext. & Care
GL-0361;Kassel Haarverlängerung Meister #4;Obere Königsstraße 108;34120;Kassel;+49 297 323552;Keratin Bonds, Luxury Hair Extensions & Premium Care;GL - Great Lengths Partner;GL Premium Partner / High-End Ext. & Care
GL-0362;Kassel Premium Coiffeur #5;Friedrichstraße 17;34121;Kassel;+49 677 899214;Keratin Bonds, Luxury Hair Extensions & Premium Care;GL - Great Lengths Partner;GL Premium Partner / High-End Ext. & Care
GL-0363;Kassel Premium Coiffeur #6;Treppenstraße 143;34122;Kassel;+49 913 613681;Keratin Bonds, Luxury Hair Extensions & Premium Care;GL - Great Lengths Partner;GL Premium Partner / High-End Ext. & Care
GL-0364;Kassel Hair Couture #7;Obere Königsstraße 53;34117;Kassel;+49 262 145198;Keratin Bonds, Luxury Hair Extensions & Premium Care;GL - Great Lengths Partner;GL Premium Partner / High-End Ext. & Care
GL-0365;Kassel The Art of Hair #8;Friedrichstraße 74;34118;Kassel;+49 941 830816;Keratin Bonds, Luxury Hair Extensions & Premium Care;GL - Great Lengths Partner;GL Premium Partner / High-End Ext. & Care
GL-0366;Kassel Hair Couture #9;Treppenstraße 27;34119;Kassel;+49 413 237386;Keratin Bonds, Luxury Hair Extensions & Premium Care;GL - Great Lengths Partner;GL Premium Partner / High-End Ext. & Care
GL-0367;Kassel Haarverlängerung Meister #10;Obere Königsstraße 16;34120;Kassel;+49 385 430622;Keratin Bonds, Luxury Hair Extensions & Premium Care;GL - Great Lengths Partner;GL Premium Partner / High-End Ext. & Care
GL-0368;Kassel Exclusiv Friseur #11;Friedrichstraße 24;34121;Kassel;+49 717 597465;Keratin Bonds, Luxury Hair Extensions & Premium Care;GL - Great Lengths Partner;GL Premium Partner / High-End Ext. & Care
GL-0369;Kassel Haarverlängerung Meister #12;Treppenstraße 49;34122;Kassel;+49 465 156088;Keratin Bonds, Luxury Hair Extensions & Premium Care;GL - Great Lengths Partner;GL Premium Partner / High-End Ext. & Care
GL-0370;Regensburg Top Hair Studio #1;Neupfarrplatz 27;93047;Regensburg;+49 356 364646;Keratin Bonds, Luxury Hair Extensions & Premium Care;GL - Great Lengths Partner;GL Premium Partner / High-End Ext. & Care
GL-0371;Regensburg Premium Coiffeur #2;Kramgasse 103;93048;Regensburg;+49 812 101694;Keratin Bonds, Luxury Hair Extensions & Premium Care;GL - Great Lengths Partner;GL Premium Partner / High-End Ext. & Care
GL-0372;Regensburg Exclusiv Friseur #3;Maximilianstraße 18;93049;Regensburg;+49 930 261400;Keratin Bonds, Luxury Hair Extensions & Premium Care;GL - Great Lengths Partner;GL Premium Partner / High-End Ext. & Care
GL-0373;Regensburg Top Hair Studio #4;Neupfarrplatz 67;93050;Regensburg;+49 646 156509;Keratin Bonds, Luxury Hair Extensions & Premium Care;GL - Great Lengths Partner;GL Premium Partner / High-End Ext. & Care
GL-0374;Regensburg Luxury Hair Lounge #5;Kramgasse 149;93051;Regensburg;+49 841 369088;Keratin Bonds, Luxury Hair Extensions & Premium Care;GL - Great Lengths Partner;GL Premium Partner / High-End Ext. & Care
GL-0375;Regensburg The Art of Hair #6;Maximilianstraße 79;93052;Regensburg;+49 276 519405;Keratin Bonds, Luxury Hair Extensions & Premium Care;GL - Great Lengths Partner;GL Premium Partner / High-End Ext. & Care
GL-0376;Regensburg Exclusiv Friseur #7;Neupfarrplatz 55;93047;Regensburg;+49 464 922106;Keratin Bonds, Luxury Hair Extensions & Premium Care;GL - Great Lengths Partner;GL Premium Partner / High-End Ext. & Care
GL-0377;Regensburg Haarverlängerung Meister #8;Kramgasse 73;93048;Regensburg;+49 565 201976;Keratin Bonds, Luxury Hair Extensions & Premium Care;GL - Great Lengths Partner;GL Premium Partner / High-End Ext. & Care
GL-0378;Regensburg Haarverlängerung Meister #9;Maximilianstraße 34;93049;Regensburg;+49 491 960174;Keratin Bonds, Luxury Hair Extensions & Premium Care;GL - Great Lengths Partner;GL Premium Partner / High-End Ext. & Care
GL-0379;Regensburg Exclusiv Friseur #10;Neupfarrplatz 21;93050;Regensburg;+49 780 513202;Keratin Bonds, Luxury Hair Extensions & Premium Care;GL - Great Lengths Partner;GL Premium Partner / High-End Ext. & Care
GL-0380;Regensburg Couture Extensions #11;Kramgasse 77;93051;Regensburg;+49 997 696958;Keratin Bonds, Luxury Hair Extensions & Premium Care;GL - Great Lengths Partner;GL Premium Partner / High-End Ext. & Care
GL-0381;Würzburg Haarverlängerung Meister #1;Domstraße 61;97070;Würzburg;+49 641 705218;Keratin Bonds, Luxury Hair Extensions & Premium Care;GL - Great Lengths Partner;GL Premium Partner / High-End Ext. & Care
GL-0382;Würzburg Top Hair Studio #2;Eichhornstraße 6;97071;Würzburg;+49 901 855976;Keratin Bonds, Luxury Hair Extensions & Premium Care;GL - Great Lengths Partner;GL Premium Partner / High-End Ext. & Care
GL-0383;Würzburg Haarverlängerung Meister #3;Shoppenmauer 119;97072;Würzburg;+49 250 666989;Keratin Bonds, Luxury Hair Extensions & Premium Care;GL - Great Lengths Partner;GL Premium Partner / High-End Ext. & Care
GL-0384;Würzburg Couture Extensions #4;Domstraße 53;97073;Würzburg;+49 950 317335;Keratin Bonds, Luxury Hair Extensions & Premium Care;GL - Great Lengths Partner;GL Premium Partner / High-End Ext. & Care
GL-0385;Würzburg The Art of Hair #5;Eichhornstraße 114;97074;Würzburg;+49 551 522474;Keratin Bonds, Luxury Hair Extensions & Premium Care;GL - Great Lengths Partner;GL Premium Partner / High-End Ext. & Care
GL-0386;Würzburg Top Hair Studio #6;Shoppenmauer 111;97075;Würzburg;+49 247 757615;Keratin Bonds, Luxury Hair Extensions & Premium Care;GL - Great Lengths Partner;GL Premium Partner / High-End Ext. & Care
GL-0387;Würzburg Exclusiv Friseur #7;Domstraße 13;97070;Würzburg;+49 250 479260;Keratin Bonds, Luxury Hair Extensions & Premium Care;GL - Great Lengths Partner;GL Premium Partner / High-End Ext. & Care
GL-0388;Würzburg The Art of Hair #8;Eichhornstraße 65;97071;Würzburg;+49 910 729427;Keratin Bonds, Luxury Hair Extensions & Premium Care;GL - Great Lengths Partner;GL Premium Partner / High-End Ext. & Care
GL-0389;Würzburg Hair Couture #9;Shoppenmauer 7;97072;Würzburg;+49 966 262445;Keratin Bonds, Luxury Hair Extensions & Premium Care;GL - Great Lengths Partner;GL Premium Partner / High-End Ext. & Care
GL-0390;Würzburg Premium Coiffeur #10;Domstraße 13;97073;Würzburg;+49 604 526193;Keratin Bonds, Luxury Hair Extensions & Premium Care;GL - Great Lengths Partner;GL Premium Partner / High-End Ext. & Care
GL-0391;Würzburg The Art of Hair #11;Eichhornstraße 13;97074;Würzburg;+49 455 433685;Keratin Bonds, Luxury Hair Extensions & Premium Care;GL - Great Lengths Partner;GL Premium Partner / High-End Ext. & Care
GL-0392;Würzburg Luxury Hair Lounge #12;Shoppenmauer 76;97075;Würzburg;+49 484 657175;Keratin Bonds, Luxury Hair Extensions & Premium Care;GL - Great Lengths Partner;GL Premium Partner / High-End Ext. & Care
GL-0393;Saarbrücken Haarverlängerung Meister #1;Bahnhofstraße 99;66111;Saarbrücken;+49 671 769100;Keratin Bonds, Luxury Hair Extensions & Premium Care;GL - Great Lengths Partner;GL Premium Partner / High-End Ext. & Care
GL-0394;Saarbrücken Top Hair Studio #2;Futterstraße 14;66112;Saarbrücken;+49 581 722776;Keratin Bonds, Luxury Hair Extensions & Premium Care;GL - Great Lengths Partner;GL Premium Partner / High-End Ext. & Care
GL-0395;Saarbrücken Premium Coiffeur #3;St. Johanner Markt 141;66113;Saarbrücken;+49 759 843348;Keratin Bonds, Luxury Hair Extensions & Premium Care;GL - Great Lengths Partner;GL Premium Partner / High-End Ext. & Care
GL-0396;Saarbrücken Couture Extensions #4;Bahnhofstraße 58;66114;Saarbrücken;+49 231 734398;Keratin Bonds, Luxury Hair Extensions & Premium Care;GL - Great Lengths Partner;GL Premium Partner / High-End Ext. & Care
GL-0397;Saarbrücken The Art of Hair #5;Futterstraße 44;66115;Saarbrücken;+49 795 303690;Keratin Bonds, Luxury Hair Extensions & Premium Care;GL - Great Lengths Partner;GL Premium Partner / High-End Ext. & Care
GL-0398;Saarbrücken Top Hair Studio #6;St. Johanner Markt 65;66116;Saarbrücken;+49 954 775435;Keratin Bonds, Luxury Hair Extensions & Premium Care;GL - Great Lengths Partner;GL Premium Partner / High-End Ext. & Care
GL-0399;Saarbrücken Haarverlängerung Meister #7;Bahnhofstraße 31;66111;Saarbrücken;+49 913 770765;Keratin Bonds, Luxury Hair Extensions & Premium Care;GL - Great Lengths Partner;GL Premium Partner / High-End Ext. & Care
GL-0400;Saarbrücken Exclusiv Friseur #8;Futterstraße 29;66112;Saarbrücken;+49 210 418494;Keratin Bonds, Luxury Hair Extensions & Premium Care;GL - Great Lengths Partner;GL Premium Partner / High-End Ext. & Care
GL-0401;Saarbrücken Exclusiv Friseur #9;St. Johanner Markt 145;66113;Saarbrücken;+49 847 758638;Keratin Bonds, Luxury Hair Extensions & Premium Care;GL - Great Lengths Partner;GL Premium Partner / High-End Ext. & Care
GL-0402;Saarbrücken Luxury Hair Lounge #10;Bahnhofstraße 73;66114;Saarbrücken;+49 387 189055;Keratin Bonds, Luxury Hair Extensions & Premium Care;GL - Great Lengths Partner;GL Premium Partner / High-End Ext. & Care
GL-0403;Rostock Hair Couture #1;Kröpeliner Straße 98;18055;Rostock;+49 761 411487;Keratin Bonds, Luxury Hair Extensions & Premium Care;GL - Great Lengths Partner;GL Premium Partner / High-End Ext. & Care
GL-0404;Rostock Exclusiv Friseur #2;Doberaner Straße 110;18056;Rostock;+49 258 924414;Keratin Bonds, Luxury Hair Extensions & Premium Care;GL - Great Lengths Partner;GL Premium Partner / High-End Ext. & Care
GL-0405;Rostock Premium Coiffeur #3;Lange Straße 19;18057;Rostock;+49 557 307894;Keratin Bonds, Luxury Hair Extensions & Premium Care;GL - Great Lengths Partner;GL Premium Partner / High-End Ext. & Care
GL-0406;Rostock Couture Extensions #4;Kröpeliner Straße 57;18058;Rostock;+49 761 953671;Keratin Bonds, Luxury Hair Extensions & Premium Care;GL - Great Lengths Partner;GL Premium Partner / High-End Ext. & Care
GL-0407;Rostock Exclusiv Friseur #5;Doberaner Straße 19;18059;Rostock;+49 203 517197;Keratin Bonds, Luxury Hair Extensions & Premium Care;GL - Great Lengths Partner;GL Premium Partner / High-End Ext. & Care
GL-0408;Rostock Exclusiv Friseur #6;Lange Straße 117;18060;Rostock;+49 785 660773;Keratin Bonds, Luxury Hair Extensions & Premium Care;GL - Great Lengths Partner;GL Premium Partner / High-End Ext. & Care
GL-0409;Rostock Hair Couture #7;Kröpeliner Straße 66;18055;Rostock;+49 914 644418;Keratin Bonds, Luxury Hair Extensions & Premium Care;GL - Great Lengths Partner;GL Premium Partner / High-End Ext. & Care
GL-0410;Rostock The Art of Hair #8;Doberaner Straße 130;18056;Rostock;+49 309 153810;Keratin Bonds, Luxury Hair Extensions & Premium Care;GL - Great Lengths Partner;GL Premium Partner / High-End Ext. & Care
GL-0411;Rostock Haarverlängerung Meister #9;Lange Straße 119;18057;Rostock;+49 951 960515;Keratin Bonds, Luxury Hair Extensions & Premium Care;GL - Great Lengths Partner;GL Premium Partner / High-End Ext. & Care
GL-0412;Rostock Luxury Hair Lounge #10;Kröpeliner Straße 6;18058;Rostock;+49 750 847180;Keratin Bonds, Luxury Hair Extensions & Premium Care;GL - Great Lengths Partner;GL Premium Partner / High-End Ext. & Care
GL-0413;Rostock The Art of Hair #11;Doberaner Straße 80;18059;Rostock;+49 761 796204;Keratin Bonds, Luxury Hair Extensions & Premium Care;GL - Great Lengths Partner;GL Premium Partner / High-End Ext. & Care
GL-0414;Rostock Luxury Hair Lounge #12;Lange Straße 123;18060;Rostock;+49 515 194092;Keratin Bonds, Luxury Hair Extensions & Premium Care;GL - Great Lengths Partner;GL Premium Partner / High-End Ext. & Care
GL-0415;Rostock Couture Extensions #13;Kröpeliner Straße 71;18055;Rostock;+49 762 192690;Keratin Bonds, Luxury Hair Extensions & Premium Care;GL - Great Lengths Partner;GL Premium Partner / High-End Ext. & Care
GL-0416;Rostock Couture Extensions #14;Doberaner Straße 104;18056;Rostock;+49 297 152404;Keratin Bonds, Luxury Hair Extensions & Premium Care;GL - Great Lengths Partner;GL Premium Partner / High-End Ext. & Care
GL-0417;Rostock Haarverlängerung Meister #15;Lange Straße 98;18057;Rostock;+49 318 379422;Keratin Bonds, Luxury Hair Extensions & Premium Care;GL - Great Lengths Partner;GL Premium Partner / High-End Ext. & Care
GL-0418;Rostock Premium Coiffeur #16;Kröpeliner Straße 13;18058;Rostock;+49 936 845743;Keratin Bonds, Luxury Hair Extensions & Premium Care;GL - Great Lengths Partner;GL Premium Partner / High-End Ext. & Care
GL-0419;Potsdam Hair Couture #1;Brandenburger Straße 71;14467;Potsdam;+49 499 930366;Keratin Bonds, Luxury Hair Extensions & Premium Care;GL - Great Lengths Partner;GL Premium Partner / High-End Ext. & Care
GL-0420;Potsdam The Art of Hair #2;Friedrich-Ebert-Straße 12;14468;Potsdam;+49 538 484470;Keratin Bonds, Luxury Hair Extensions & Premium Care;GL - Great Lengths Partner;GL Premium Partner / High-End Ext. & Care
GL-0421;Potsdam Couture Extensions #3;Schloßstraße 25;14469;Potsdam;+49 996 939964;Keratin Bonds, Luxury Hair Extensions & Premium Care;GL - Great Lengths Partner;GL Premium Partner / High-End Ext. & Care
GL-0422;Potsdam Hair Couture #4;Brandenburger Straße 80;14470;Potsdam;+49 791 559169;Keratin Bonds, Luxury Hair Extensions & Premium Care;GL - Great Lengths Partner;GL Premium Partner / High-End Ext. & Care
GL-0423;Potsdam Haarverlängerung Meister #5;Friedrich-Ebert-Straße 92;14471;Potsdam;+49 731 147223;Keratin Bonds, Luxury Hair Extensions & Premium Care;GL - Great Lengths Partner;GL Premium Partner / High-End Ext. & Care
GL-0424;Potsdam Exclusiv Friseur #6;Schloßstraße 135;14472;Potsdam;+49 241 288084;Keratin Bonds, Luxury Hair Extensions & Premium Care;GL - Great Lengths Partner;GL Premium Partner / High-End Ext. & Care
GL-0425;Potsdam Haarverlängerung Meister #7;Brandenburger Straße 44;14467;Potsdam;+49 675 372927;Keratin Bonds, Luxury Hair Extensions & Premium Care;GL - Great Lengths Partner;GL Premium Partner / High-End Ext. & Care
GL-0426;Potsdam Haarverlängerung Meister #8;Friedrich-Ebert-Straße 4;14468;Potsdam;+49 256 209214;Keratin Bonds, Luxury Hair Extensions & Premium Care;GL - Great Lengths Partner;GL Premium Partner / High-End Ext. & Care
GL-0427;Potsdam Hair Couture #9;Schloßstraße 100;14469;Potsdam;+49 225 253750;Keratin Bonds, Luxury Hair Extensions & Premium Care;GL - Great Lengths Partner;GL Premium Partner / High-End Ext. & Care
GL-0428;Potsdam Couture Extensions #10;Brandenburger Straße 92;14470;Potsdam;+49 255 298174;Keratin Bonds, Luxury Hair Extensions & Premium Care;GL - Great Lengths Partner;GL Premium Partner / High-End Ext. & Care
GL-0429;Oldenburg Premium Coiffeur #1;Lange Straße 32;26122;Oldenburg;+49 485 897978;Keratin Bonds, Luxury Hair Extensions & Premium Care;GL - Great Lengths Partner;GL Premium Partner / High-End Ext. & Care
GL-0430;Oldenburg Luxury Hair Lounge #2;Schüttingstraße 47;26123;Oldenburg;+49 454 693310;Keratin Bonds, Luxury Hair Extensions & Premium Care;GL - Great Lengths Partner;GL Premium Partner / High-End Ext. & Care
GL-0431;Oldenburg The Art of Hair #3;Cäcilienstraße 114;26124;Oldenburg;+49 773 134169;Keratin Bonds, Luxury Hair Extensions & Premium Care;GL - Great Lengths Partner;GL Premium Partner / High-End Ext. & Care
GL-0432;Oldenburg Premium Coiffeur #4;Lange Straße 55;26125;Oldenburg;+49 980 341063;Keratin Bonds, Luxury Hair Extensions & Premium Care;GL - Great Lengths Partner;GL Premium Partner / High-End Ext. & Care
GL-0433;Oldenburg Luxury Hair Lounge #5;Schüttingstraße 73;26126;Oldenburg;+49 913 776641;Keratin Bonds, Luxury Hair Extensions & Premium Care;GL - Great Lengths Partner;GL Premium Partner / High-End Ext. & Care
GL-0434;Oldenburg Premium Coiffeur #6;Cäcilienstraße 75;26127;Oldenburg;+49 744 678903;Keratin Bonds, Luxury Hair Extensions & Premium Care;GL - Great Lengths Partner;GL Premium Partner / High-End Ext. & Care
GL-0435;Oldenburg Couture Extensions #7;Lange Straße 59;26122;Oldenburg;+49 846 239496;Keratin Bonds, Luxury Hair Extensions & Premium Care;GL - Great Lengths Partner;GL Premium Partner / High-End Ext. & Care
GL-0436;Oldenburg Top Hair Studio #8;Schüttingstraße 54;26123;Oldenburg;+49 650 459938;Keratin Bonds, Luxury Hair Extensions & Premium Care;GL - Great Lengths Partner;GL Premium Partner / High-End Ext. & Care
GL-0437;Oldenburg Premium Coiffeur #9;Cäcilienstraße 134;26124;Oldenburg;+49 875 219228;Keratin Bonds, Luxury Hair Extensions & Premium Care;GL - Great Lengths Partner;GL Premium Partner / High-End Ext. & Care
GL-0438;Oldenburg Couture Extensions #10;Lange Straße 41;26125;Oldenburg;+49 909 266296;Keratin Bonds, Luxury Hair Extensions & Premium Care;GL - Great Lengths Partner;GL Premium Partner / High-End Ext. & Care
GL-0439;Oldenburg Haarverlängerung Meister #11;Schüttingstraße 48;26126;Oldenburg;+49 314 958458;Keratin Bonds, Luxury Hair Extensions & Premium Care;GL - Great Lengths Partner;GL Premium Partner / High-End Ext. & Care
GL-0440;Oldenburg Luxury Hair Lounge #12;Cäcilienstraße 87;26127;Oldenburg;+49 347 448673;Keratin Bonds, Luxury Hair Extensions & Premium Care;GL - Great Lengths Partner;GL Premium Partner / High-End Ext. & Care
GL-0441;Oldenburg Top Hair Studio #13;Lange Straße 102;26122;Oldenburg;+49 952 312091;Keratin Bonds, Luxury Hair Extensions & Premium Care;GL - Great Lengths Partner;GL Premium Partner / High-End Ext. & Care
GL-0442;Oldenburg Luxury Hair Lounge #14;Schüttingstraße 127;26123;Oldenburg;+49 455 307599;Keratin Bonds, Luxury Hair Extensions & Premium Care;GL - Great Lengths Partner;GL Premium Partner / High-End Ext. & Care
GL-0443;Oldenburg Luxury Hair Lounge #15;Cäcilienstraße 96;26124;Oldenburg;+49 733 303898;Keratin Bonds, Luxury Hair Extensions & Premium Care;GL - Great Lengths Partner;GL Premium Partner / High-End Ext. & Care
GL-0444;Oldenburg The Art of Hair #16;Lange Straße 61;26125;Oldenburg;+49 499 773157;Keratin Bonds, Luxury Hair Extensions & Premium Care;GL - Great Lengths Partner;GL Premium Partner / High-End Ext. & Care
GL-0445;Oldenburg Premium Coiffeur #17;Schüttingstraße 65;26126;Oldenburg;+49 264 291727;Keratin Bonds, Luxury Hair Extensions & Premium Care;GL - Great Lengths Partner;GL Premium Partner / High-End Ext. & Care
GL-0446;Oldenburg Hair Couture #18;Cäcilienstraße 1;26127;Oldenburg;+49 251 216740;Keratin Bonds, Luxury Hair Extensions & Premium Care;GL - Great Lengths Partner;GL Premium Partner / High-End Ext. & Care
GL-0447;Osnabrück Hair Couture #1;Große Straße 125;49074;Osnabrück;+49 443 243877;Keratin Bonds, Luxury Hair Extensions & Premium Care;GL - Great Lengths Partner;GL Premium Partner / High-End Ext. & Care
GL-0448;Osnabrück Premium Coiffeur #2;Krahnstraße 11;49075;Osnabrück;+49 928 110210;Keratin Bonds, Luxury Hair Extensions & Premium Care;GL - Great Lengths Partner;GL Premium Partner / High-End Ext. & Care
GL-0449;Osnabrück Exclusiv Friseur #3;Heger Tor 94;49076;Osnabrück;+49 884 954883;Keratin Bonds, Luxury Hair Extensions & Premium Care;GL - Great Lengths Partner;GL Premium Partner / High-End Ext. & Care
GL-0450;Osnabrück Premium Coiffeur #4;Große Straße 12;49077;Osnabrück;+49 907 683457;Keratin Bonds, Luxury Hair Extensions & Premium Care;GL - Great Lengths Partner;GL Premium Partner / High-End Ext. & Care
GL-0451;Osnabrück The Art of Hair #5;Krahnstraße 95;49078;Osnabrück;+49 563 431544;Keratin Bonds, Luxury Hair Extensions & Premium Care;GL - Great Lengths Partner;GL Premium Partner / High-End Ext. & Care
GL-0452;Osnabrück Couture Extensions #6;Heger Tor 146;49079;Osnabrück;+49 325 224614;Keratin Bonds, Luxury Hair Extensions & Premium Care;GL - Great Lengths Partner;GL Premium Partner / High-End Ext. & Care
GL-0453;Osnabrück Exclusiv Friseur #7;Große Straße 82;49074;Osnabrück;+49 784 909353;Keratin Bonds, Luxury Hair Extensions & Premium Care;GL - Great Lengths Partner;GL Premium Partner / High-End Ext. & Care
GL-0454;Osnabrück The Art of Hair #8;Krahnstraße 65;49075;Osnabrück;+49 949 954004;Keratin Bonds, Luxury Hair Extensions & Premium Care;GL - Great Lengths Partner;GL Premium Partner / High-End Ext. & Care
GL-0455;Osnabrück The Art of Hair #9;Heger Tor 88;49076;Osnabrück;+49 609 385700;Keratin Bonds, Luxury Hair Extensions & Premium Care;GL - Great Lengths Partner;GL Premium Partner / High-End Ext. & Care
GL-0456;Osnabrück Couture Extensions #10;Große Straße 123;49077;Osnabrück;+49 932 143006;Keratin Bonds, Luxury Hair Extensions & Premium Care;GL - Great Lengths Partner;GL Premium Partner / High-End Ext. & Care
GL-0457;Osnabrück Haarverlängerung Meister #11;Krahnstraße 14;49078;Osnabrück;+49 281 383969;Keratin Bonds, Luxury Hair Extensions & Premium Care;GL - Great Lengths Partner;GL Premium Partner / High-End Ext. & Care
GL-0458;Osnabrück Couture Extensions #12;Heger Tor 76;49079;Osnabrück;+49 949 199513;Keratin Bonds, Luxury Hair Extensions & Premium Care;GL - Great Lengths Partner;GL Premium Partner / High-End Ext. & Care
GL-0459;Osnabrück Top Hair Studio #13;Große Straße 107;49074;Osnabrück;+49 573 549066;Keratin Bonds, Luxury Hair Extensions & Premium Care;GL - Great Lengths Partner;GL Premium Partner / High-End Ext. & Care
GL-0460;Osnabrück Haarverlängerung Meister #14;Krahnstraße 94;49075;Osnabrück;+49 526 486168;Keratin Bonds, Luxury Hair Extensions & Premium Care;GL - Great Lengths Partner;GL Premium Partner / High-End Ext. & Care
GL-0461;Heidelberg Premium Coiffeur #1;Hauptstraße 41;69117;Heidelberg;+49 985 762391;Keratin Bonds, Luxury Hair Extensions & Premium Care;GL - Great Lengths Partner;GL Premium Partner / High-End Ext. & Care
GL-0462;Heidelberg Luxury Hair Lounge #2;Plöck 127;69118;Heidelberg;+49 945 734302;Keratin Bonds, Luxury Hair Extensions & Premium Care;GL - Great Lengths Partner;GL Premium Partner / High-End Ext. & Care
GL-0463;Heidelberg Exclusiv Friseur #3;Sofienstraße 136;69119;Heidelberg;+49 523 452994;Keratin Bonds, Luxury Hair Extensions & Premium Care;GL - Great Lengths Partner;GL Premium Partner / High-End Ext. & Care
GL-0464;Heidelberg Haarverlängerung Meister #4;Hauptstraße 69;69120;Heidelberg;+49 709 364156;Keratin Bonds, Luxury Hair Extensions & Premium Care;GL - Great Lengths Partner;GL Premium Partner / High-End Ext. & Care
GL-0465;Heidelberg The Art of Hair #5;Plöck 109;69121;Heidelberg;+49 222 821842;Keratin Bonds, Luxury Hair Extensions & Premium Care;GL - Great Lengths Partner;GL Premium Partner / High-End Ext. & Care
GL-0466;Heidelberg The Art of Hair #6;Sofienstraße 134;69122;Heidelberg;+49 436 413903;Keratin Bonds, Luxury Hair Extensions & Premium Care;GL - Great Lengths Partner;GL Premium Partner / High-End Ext. & Care
GL-0467;Heidelberg Hair Couture #7;Hauptstraße 112;69117;Heidelberg;+49 244 128293;Keratin Bonds, Luxury Hair Extensions & Premium Care;GL - Great Lengths Partner;GL Premium Partner / High-End Ext. & Care
GL-0468;Heidelberg Exclusiv Friseur #8;Plöck 65;69118;Heidelberg;+49 649 539957;Keratin Bonds, Luxury Hair Extensions & Premium Care;GL - Great Lengths Partner;GL Premium Partner / High-End Ext. & Care
GL-0469;Heidelberg Exclusiv Friseur #9;Sofienstraße 139;69119;Heidelberg;+49 345 765260;Keratin Bonds, Luxury Hair Extensions & Premium Care;GL - Great Lengths Partner;GL Premium Partner / High-End Ext. & Care
GL-0470;Heidelberg Exclusiv Friseur #10;Hauptstraße 120;69120;Heidelberg;+49 900 402735;Keratin Bonds, Luxury Hair Extensions & Premium Care;GL - Great Lengths Partner;GL Premium Partner / High-End Ext. & Care
GL-0471;Heidelberg Top Hair Studio #11;Plöck 4;69121;Heidelberg;+49 311 111099;Keratin Bonds, Luxury Hair Extensions & Premium Care;GL - Great Lengths Partner;GL Premium Partner / High-End Ext. & Care
GL-0472;Heidelberg Premium Coiffeur #12;Sofienstraße 14;69122;Heidelberg;+49 864 451669;Keratin Bonds, Luxury Hair Extensions & Premium Care;GL - Great Lengths Partner;GL Premium Partner / High-End Ext. & Care
GL-0473;Heidelberg The Art of Hair #13;Hauptstraße 6;69117;Heidelberg;+49 751 795534;Keratin Bonds, Luxury Hair Extensions & Premium Care;GL - Great Lengths Partner;GL Premium Partner / High-End Ext. & Care
GL-0474;Heidelberg Premium Coiffeur #14;Plöck 120;69118;Heidelberg;+49 701 731377;Keratin Bonds, Luxury Hair Extensions & Premium Care;GL - Great Lengths Partner;GL Premium Partner / High-End Ext. & Care
GL-0475;Heidelberg Haarverlängerung Meister #15;Sofienstraße 57;69119;Heidelberg;+49 553 324539;Keratin Bonds, Luxury Hair Extensions & Premium Care;GL - Great Lengths Partner;GL Premium Partner / High-End Ext. & Care
GL-0476;Heidelberg Haarverlängerung Meister #16;Hauptstraße 126;69120;Heidelberg;+49 783 124736;Keratin Bonds, Luxury Hair Extensions & Premium Care;GL - Great Lengths Partner;GL Premium Partner / High-End Ext. & Care
GL-0477;Darmstadt Luxury Hair Lounge #1;Rheinstraße 111;64283;Darmstadt;+49 562 896067;Keratin Bonds, Luxury Hair Extensions & Premium Care;GL - Great Lengths Partner;GL Premium Partner / High-End Ext. & Care
GL-0478;Darmstadt Haarverlängerung Meister #2;Luisenplatz 1;64284;Darmstadt;+49 315 646333;Keratin Bonds, Luxury Hair Extensions & Premium Care;GL - Great Lengths Partner;GL Premium Partner / High-End Ext. & Care
GL-0479;Darmstadt Exclusiv Friseur #3;Ernst-Ludwig-Straße 97;64285;Darmstadt;+49 456 906464;Keratin Bonds, Luxury Hair Extensions & Premium Care;GL - Great Lengths Partner;GL Premium Partner / High-End Ext. & Care
GL-0480;Darmstadt The Art of Hair #4;Rheinstraße 94;64286;Darmstadt;+49 428 466866;Keratin Bonds, Luxury Hair Extensions & Premium Care;GL - Great Lengths Partner;GL Premium Partner / High-End Ext. & Care
GL-0481;Darmstadt The Art of Hair #5;Luisenplatz 116;64287;Darmstadt;+49 262 806480;Keratin Bonds, Luxury Hair Extensions & Premium Care;GL - Great Lengths Partner;GL Premium Partner / High-End Ext. & Care
GL-0482;Darmstadt The Art of Hair #6;Ernst-Ludwig-Straße 16;64288;Darmstadt;+49 421 760869;Keratin Bonds, Luxury Hair Extensions & Premium Care;GL - Great Lengths Partner;GL Premium Partner / High-End Ext. & Care
GL-0483;Darmstadt Exclusiv Friseur #7;Rheinstraße 150;64283;Darmstadt;+49 764 854214;Keratin Bonds, Luxury Hair Extensions & Premium Care;GL - Great Lengths Partner;GL Premium Partner / High-End Ext. & Care
GL-0484;Darmstadt Haarverlängerung Meister #8;Luisenplatz 60;64284;Darmstadt;+49 485 534565;Keratin Bonds, Luxury Hair Extensions & Premium Care;GL - Great Lengths Partner;GL Premium Partner / High-End Ext. & Care
GL-0485;Darmstadt Haarverlängerung Meister #9;Ernst-Ludwig-Straße 96;64285;Darmstadt;+49 665 403655;Keratin Bonds, Luxury Hair Extensions & Premium Care;GL - Great Lengths Partner;GL Premium Partner / High-End Ext. & Care
GL-0486;Darmstadt Hair Couture #10;Rheinstraße 84;64286;Darmstadt;+49 297 182709;Keratin Bonds, Luxury Hair Extensions & Premium Care;GL - Great Lengths Partner;GL Premium Partner / High-End Ext. & Care
GL-0487;Ulm Haarverlängerung Meister #1;Hirschstraße 46;89073;Ulm;+49 947 854356;Keratin Bonds, Luxury Hair Extensions & Premium Care;GL - Great Lengths Partner;GL Premium Partner / High-End Ext. & Care
GL-0488;Ulm Exclusiv Friseur #2;Münsterplatz 19;89074;Ulm;+49 562 275089;Keratin Bonds, Luxury Hair Extensions & Premium Care;GL - Great Lengths Partner;GL Premium Partner / High-End Ext. & Care
GL-0489;Ulm Hair Couture #3;Pfaffengasse 101;89075;Ulm;+49 202 176988;Keratin Bonds, Luxury Hair Extensions & Premium Care;GL - Great Lengths Partner;GL Premium Partner / High-End Ext. & Care
GL-0490;Ulm Top Hair Studio #4;Hirschstraße 46;89076;Ulm;+49 785 633076;Keratin Bonds, Luxury Hair Extensions & Premium Care;GL - Great Lengths Partner;GL Premium Partner / High-End Ext. & Care
GL-0491;Ulm The Art of Hair #5;Münsterplatz 93;89077;Ulm;+49 375 930240;Keratin Bonds, Luxury Hair Extensions & Premium Care;GL - Great Lengths Partner;GL Premium Partner / High-End Ext. & Care
GL-0492;Ulm Couture Extensions #6;Pfaffengasse 54;89078;Ulm;+49 621 752402;Keratin Bonds, Luxury Hair Extensions & Premium Care;GL - Great Lengths Partner;GL Premium Partner / High-End Ext. & Care
GL-0493;Ulm Hair Couture #7;Hirschstraße 126;89073;Ulm;+49 486 590706;Keratin Bonds, Luxury Hair Extensions & Premium Care;GL - Great Lengths Partner;GL Premium Partner / High-End Ext. & Care
GL-0494;Ulm Luxury Hair Lounge #8;Münsterplatz 32;89074;Ulm;+49 709 466526;Keratin Bonds, Luxury Hair Extensions & Premium Care;GL - Great Lengths Partner;GL Premium Partner / High-End Ext. & Care
GL-0495;Ulm Hair Couture #9;Pfaffengasse 24;89075;Ulm;+49 808 564115;Keratin Bonds, Luxury Hair Extensions & Premium Care;GL - Great Lengths Partner;GL Premium Partner / High-End Ext. & Care
GL-0496;Ulm Hair Couture #10;Hirschstraße 24;89076;Ulm;+49 464 917300;Keratin Bonds, Luxury Hair Extensions & Premium Care;GL - Great Lengths Partner;GL Premium Partner / High-End Ext. & Care
GL-0497;Ulm Hair Couture #11;Münsterplatz 11;89077;Ulm;+49 610 337832;Keratin Bonds, Luxury Hair Extensions & Premium Care;GL - Great Lengths Partner;GL Premium Partner / High-End Ext. & Care
GL-0498;Ulm Exclusiv Friseur #12;Pfaffengasse 71;89078;Ulm;+49 277 518317;Keratin Bonds, Luxury Hair Extensions & Premium Care;GL - Great Lengths Partner;GL Premium Partner / High-End Ext. & Care
GL-0499;Ulm Premium Coiffeur #13;Hirschstraße 103;89073;Ulm;+49 652 209199;Keratin Bonds, Luxury Hair Extensions & Premium Care;GL - Great Lengths Partner;GL Premium Partner / High-End Ext. & Care
GL-0500;Göttingen The Art of Hair #1;Weender Straße 96;37073;Göttingen;+49 958 658035;Keratin Bonds, Luxury Hair Extensions & Premium Care;GL - Great Lengths Partner;GL Premium Partner / High-End Ext. & Care
GL-0501;Göttingen Haarverlängerung Meister #2;Jüdenstraße 91;37074;Göttingen;+49 653 625741;Keratin Bonds, Luxury Hair Extensions & Premium Care;GL - Great Lengths Partner;GL Premium Partner / High-End Ext. & Care
GL-0502;Göttingen Luxury Hair Lounge #3;Kurze-Geismar-Straße 119;37075;Göttingen;+49 982 244564;Keratin Bonds, Luxury Hair Extensions & Premium Care;GL - Great Lengths Partner;GL Premium Partner / High-End Ext. & Care
GL-0503;Göttingen Luxury Hair Lounge #4;Weender Straße 66;37076;Göttingen;+49 420 497354;Keratin Bonds, Luxury Hair Extensions & Premium Care;GL - Great Lengths Partner;GL Premium Partner / High-End Ext. & Care
GL-0504;Göttingen Couture Extensions #5;Jüdenstraße 9;37077;Göttingen;+49 688 432720;Keratin Bonds, Luxury Hair Extensions & Premium Care;GL - Great Lengths Partner;GL Premium Partner / High-End Ext. & Care
GL-0505;Göttingen Haarverlängerung Meister #6;Kurze-Geismar-Straße 82;37078;Göttingen;+49 432 527281;Keratin Bonds, Luxury Hair Extensions & Premium Care;GL - Great Lengths Partner;GL Premium Partner / High-End Ext. & Care
GL-0506;Göttingen Hair Couture #7;Weender Straße 124;37073;Göttingen;+49 732 794839;Keratin Bonds, Luxury Hair Extensions & Premium Care;GL - Great Lengths Partner;GL Premium Partner / High-End Ext. & Care
GL-0507;Göttingen Top Hair Studio #8;Jüdenstraße 69;37074;Göttingen;+49 639 562067;Keratin Bonds, Luxury Hair Extensions & Premium Care;GL - Great Lengths Partner;GL Premium Partner / High-End Ext. & Care
GL-0508;Göttingen Luxury Hair Lounge #9;Kurze-Geismar-Straße 81;37075;Göttingen;+49 536 771551;Keratin Bonds, Luxury Hair Extensions & Premium Care;GL - Great Lengths Partner;GL Premium Partner / High-End Ext. & Care
GL-0509;Göttingen Top Hair Studio #10;Weender Straße 49;37076;Göttingen;+49 283 304388;Keratin Bonds, Luxury Hair Extensions & Premium Care;GL - Great Lengths Partner;GL Premium Partner / High-End Ext. & Care
GL-0510;Göttingen Top Hair Studio #11;Jüdenstraße 47;37077;Göttingen;+49 545 886980;Keratin Bonds, Luxury Hair Extensions & Premium Care;GL - Great Lengths Partner;GL Premium Partner / High-End Ext. & Care
GL-0511;Göttingen Top Hair Studio #12;Kurze-Geismar-Straße 9;37078;Göttingen;+49 425 295124;Keratin Bonds, Luxury Hair Extensions & Premium Care;GL - Great Lengths Partner;GL Premium Partner / High-End Ext. & Care
GL-0512;Göttingen Couture Extensions #13;Weender Straße 51;37073;Göttingen;+49 662 258975;Keratin Bonds, Luxury Hair Extensions & Premium Care;GL - Great Lengths Partner;GL Premium Partner / High-End Ext. & Care
GL-0513;Göttingen Top Hair Studio #14;Jüdenstraße 115;37074;Göttingen;+49 443 122856;Keratin Bonds, Luxury Hair Extensions & Premium Care;GL - Great Lengths Partner;GL Premium Partner / High-End Ext. & Care
GL-0514;Göttingen Hair Couture #15;Kurze-Geismar-Straße 33;37075;Göttingen;+49 256 692194;Keratin Bonds, Luxury Hair Extensions & Premium Care;GL - Great Lengths Partner;GL Premium Partner / High-End Ext. & Care
GL-0515;Göttingen Hair Couture #16;Weender Straße 88;37076;Göttingen;+49 464 643774;Keratin Bonds, Luxury Hair Extensions & Premium Care;GL - Great Lengths Partner;GL Premium Partner / High-End Ext. & Care
GL-0516;Pforzheim Top Hair Studio #1;Leopoldstraße 13;75175;Pforzheim;+49 933 781722;Keratin Bonds, Luxury Hair Extensions & Premium Care;GL - Great Lengths Partner;GL Premium Partner / High-End Ext. & Care
GL-0517;Pforzheim Luxury Hair Lounge #2;Schmuckstraße 63;75176;Pforzheim;+49 685 742111;Keratin Bonds, Luxury Hair Extensions & Premium Care;GL - Great Lengths Partner;GL Premium Partner / High-End Ext. & Care
GL-0518;Pforzheim Premium Coiffeur #3;Poststraße 131;75177;Pforzheim;+49 333 553260;Keratin Bonds, Luxury Hair Extensions & Premium Care;GL - Great Lengths Partner;GL Premium Partner / High-End Ext. & Care
GL-0519;Pforzheim Luxury Hair Lounge #4;Leopoldstraße 135;75178;Pforzheim;+49 465 536551;Keratin Bonds, Luxury Hair Extensions & Premium Care;GL - Great Lengths Partner;GL Premium Partner / High-End Ext. & Care
GL-0520;Pforzheim Haarverlängerung Meister #5;Schmuckstraße 119;75179;Pforzheim;+49 317 977356;Keratin Bonds, Luxury Hair Extensions & Premium Care;GL - Great Lengths Partner;GL Premium Partner / High-End Ext. & Care
GL-0521;Pforzheim The Art of Hair #6;Poststraße 108;75180;Pforzheim;+49 789 189414;Keratin Bonds, Luxury Hair Extensions & Premium Care;GL - Great Lengths Partner;GL Premium Partner / High-End Ext. & Care
GL-0522;Pforzheim Luxury Hair Lounge #7;Leopoldstraße 101;75175;Pforzheim;+49 761 143969;Keratin Bonds, Luxury Hair Extensions & Premium Care;GL - Great Lengths Partner;GL Premium Partner / High-End Ext. & Care
GL-0523;Pforzheim Premium Coiffeur #8;Schmuckstraße 84;75176;Pforzheim;+49 335 530959;Keratin Bonds, Luxury Hair Extensions & Premium Care;GL - Great Lengths Partner;GL Premium Partner / High-End Ext. & Care
GL-0524;Pforzheim Top Hair Studio #9;Poststraße 14;75177;Pforzheim;+49 280 478252;Keratin Bonds, Luxury Hair Extensions & Premium Care;GL - Great Lengths Partner;GL Premium Partner / High-End Ext. & Care
GL-0525;Pforzheim Hair Couture #10;Leopoldstraße 85;75178;Pforzheim;+49 790 919622;Keratin Bonds, Luxury Hair Extensions & Premium Care;GL - Great Lengths Partner;GL Premium Partner / High-End Ext. & Care
GL-0526;Pforzheim Exclusiv Friseur #11;Schmuckstraße 110;75179;Pforzheim;+49 677 898388;Keratin Bonds, Luxury Hair Extensions & Premium Care;GL - Great Lengths Partner;GL Premium Partner / High-End Ext. & Care
GL-0527;Pforzheim Luxury Hair Lounge #12;Poststraße 69;75180;Pforzheim;+49 846 386664;Keratin Bonds, Luxury Hair Extensions & Premium Care;GL - Great Lengths Partner;GL Premium Partner / High-End Ext. & Care
GL-0528;Reutlingen Haarverlängerung Meister #1;Wilhelmstraße 68;72764;Reutlingen;+49 848 680557;Keratin Bonds, Luxury Hair Extensions & Premium Care;GL - Great Lengths Partner;GL Premium Partner / High-End Ext. & Care
GL-0529;Reutlingen Couture Extensions #2;Kornhausstraße 79;72765;Reutlingen;+49 823 734461;Keratin Bonds, Luxury Hair Extensions & Premium Care;GL - Great Lengths Partner;GL Premium Partner / High-End Ext. & Care
GL-0530;Reutlingen Hair Couture #3;Wilhelmstraße 119;72766;Reutlingen;+49 625 710966;Keratin Bonds, Luxury Hair Extensions & Premium Care;GL - Great Lengths Partner;GL Premium Partner / High-End Ext. & Care
GL-0531;Reutlingen Haarverlängerung Meister #4;Kornhausstraße 57;72767;Reutlingen;+49 939 281856;Keratin Bonds, Luxury Hair Extensions & Premium Care;GL - Great Lengths Partner;GL Premium Partner / High-End Ext. & Care
GL-0532;Reutlingen Luxury Hair Lounge #5;Wilhelmstraße 82;72768;Reutlingen;+49 672 232501;Keratin Bonds, Luxury Hair Extensions & Premium Care;GL - Great Lengths Partner;GL Premium Partner / High-End Ext. & Care
GL-0533;Reutlingen Exclusiv Friseur #6;Kornhausstraße 50;72769;Reutlingen;+49 551 189902;Keratin Bonds, Luxury Hair Extensions & Premium Care;GL - Great Lengths Partner;GL Premium Partner / High-End Ext. & Care
GL-0534;Reutlingen Premium Coiffeur #7;Wilhelmstraße 28;72764;Reutlingen;+49 296 625753;Keratin Bonds, Luxury Hair Extensions & Premium Care;GL - Great Lengths Partner;GL Premium Partner / High-End Ext. & Care
GL-0535;Reutlingen Haarverlängerung Meister #8;Kornhausstraße 81;72765;Reutlingen;+49 980 300148;Keratin Bonds, Luxury Hair Extensions & Premium Care;GL - Great Lengths Partner;GL Premium Partner / High-End Ext. & Care
GL-0536;Reutlingen Exclusiv Friseur #9;Wilhelmstraße 62;72766;Reutlingen;+49 430 462586;Keratin Bonds, Luxury Hair Extensions & Premium Care;GL - Great Lengths Partner;GL Premium Partner / High-End Ext. & Care
GL-0537;Reutlingen The Art of Hair #10;Kornhausstraße 34;72767;Reutlingen;+49 704 811584;Keratin Bonds, Luxury Hair Extensions & Premium Care;GL - Great Lengths Partner;GL Premium Partner / High-End Ext. & Care
GL-0538;Koblenz The Art of Hair #1;Löhrstraße 120;56068;Koblenz;+49 320 658810;Keratin Bonds, Luxury Hair Extensions & Premium Care;GL - Great Lengths Partner;GL Premium Partner / High-End Ext. & Care
GL-0539;Koblenz Premium Coiffeur #2;Altengasse 116;56069;Koblenz;+49 851 709942;Keratin Bonds, Luxury Hair Extensions & Premium Care;GL - Great Lengths Partner;GL Premium Partner / High-End Ext. & Care
GL-0540;Koblenz Luxury Hair Lounge #3;Am Plan 126;56070;Koblenz;+49 210 692313;Keratin Bonds, Luxury Hair Extensions & Premium Care;GL - Great Lengths Partner;GL Premium Partner / High-End Ext. & Care
GL-0541;Koblenz Hair Couture #4;Löhrstraße 37;56071;Koblenz;+49 645 348588;Keratin Bonds, Luxury Hair Extensions & Premium Care;GL - Great Lengths Partner;GL Premium Partner / High-End Ext. & Care
GL-0542;Koblenz Premium Coiffeur #5;Altengasse 122;56072;Koblenz;+49 265 813259;Keratin Bonds, Luxury Hair Extensions & Premium Care;GL - Great Lengths Partner;GL Premium Partner / High-End Ext. & Care
GL-0543;Koblenz Hair Couture #6;Am Plan 73;56073;Koblenz;+49 462 263696;Keratin Bonds, Luxury Hair Extensions & Premium Care;GL - Great Lengths Partner;GL Premium Partner / High-End Ext. & Care
GL-0544;Koblenz Top Hair Studio #7;Löhrstraße 97;56068;Koblenz;+49 776 184818;Keratin Bonds, Luxury Hair Extensions & Premium Care;GL - Great Lengths Partner;GL Premium Partner / High-End Ext. & Care
GL-0545;Koblenz Premium Coiffeur #8;Altengasse 127;56069;Koblenz;+49 245 168955;Keratin Bonds, Luxury Hair Extensions & Premium Care;GL - Great Lengths Partner;GL Premium Partner / High-End Ext. & Care
GL-0546;Koblenz Luxury Hair Lounge #9;Am Plan 100;56070;Koblenz;+49 412 443640;Keratin Bonds, Luxury Hair Extensions & Premium Care;GL - Great Lengths Partner;GL Premium Partner / High-End Ext. & Care
GL-0547;Koblenz Exclusiv Friseur #10;Löhrstraße 49;56071;Koblenz;+49 285 827880;Keratin Bonds, Luxury Hair Extensions & Premium Care;GL - Great Lengths Partner;GL Premium Partner / High-End Ext. & Care
GL-0548;Koblenz Luxury Hair Lounge #11;Altengasse 119;56072;Koblenz;+49 956 692440;Keratin Bonds, Luxury Hair Extensions & Premium Care;GL - Great Lengths Partner;GL Premium Partner / High-End Ext. & Care
GL-0549;Koblenz The Art of Hair #12;Am Plan 65;56073;Koblenz;+49 816 643717;Keratin Bonds, Luxury Hair Extensions & Premium Care;GL - Great Lengths Partner;GL Premium Partner / High-End Ext. & Care
GL-0550;Koblenz Premium Coiffeur #13;Löhrstraße 110;56068;Koblenz;+49 416 187250;Keratin Bonds, Luxury Hair Extensions & Premium Care;GL - Great Lengths Partner;GL Premium Partner / High-End Ext. & Care
GL-0551;Koblenz Hair Couture #15;Am Plan 140;56070;Koblenz;+49 657 777762;Keratin Bonds, Luxury Hair Extensions & Premium Care;GL - Great Lengths Partner;GL Premium Partner / High-End Ext. & Care
GL-0552;Bremerhaven Premium Coiffeur #1;Bürgermeister-Smidt-Straße 84;27568;Bremerhaven;+49 815 715942;Keratin Bonds, Luxury Hair Extensions & Premium Care;GL - Great Lengths Partner;GL Premium Partner / High-End Ext. & Care
GL-0553;Bremerhaven Couture Extensions #2;Havenwelten 33;27569;Bremerhaven;+49 541 784039;Keratin Bonds, Luxury Hair Extensions & Premium Care;GL - Great Lengths Partner;GL Premium Partner / High-End Ext. & Care
GL-0554;Bremerhaven Exclusiv Friseur #3;Bürgermeister-Smidt-Straße 14;27570;Bremerhaven;+49 621 533254;Keratin Bonds, Luxury Hair Extensions & Premium Care;GL - Great Lengths Partner;GL Premium Partner / High-End Ext. & Care
GL-0555;Bremerhaven Exclusiv Friseur #4;Havenwelten 13;27571;Bremerhaven;+49 244 734684;Keratin Bonds, Luxury Hair Extensions & Premium Care;GL - Great Lengths Partner;GL Premium Partner / High-End Ext. & Care
GL-0556;Bremerhaven The Art of Hair #5;Bürgermeister-Smidt-Straße 28;27572;Bremerhaven;+49 465 939942;Keratin Bonds, Luxury Hair Extensions & Premium Care;GL - Great Lengths Partner;GL Premium Partner / High-End Ext. & Care
GL-0557;Bremerhaven Premium Coiffeur #6;Havenwelten 146;27573;Bremerhaven;+49 363 205176;Keratin Bonds, Luxury Hair Extensions & Premium Care;GL - Great Lengths Partner;GL Premium Partner / High-End Ext. & Care
GL-0558;Bremerhaven Exclusiv Friseur #7;Bürgermeister-Smidt-Straße 4;27568;Bremerhaven;+49 648 998089;Keratin Bonds, Luxury Hair Extensions & Premium Care;GL - Great Lengths Partner;GL Premium Partner / High-End Ext. & Care
GL-0559;Bremerhaven Hair Couture #8;Havenwelten 73;27569;Bremerhaven;+49 762 572515;Keratin Bonds, Luxury Hair Extensions & Premium Care;GL - Great Lengths Partner;GL Premium Partner / High-End Ext. & Care
GL-0560;Bremerhaven Haarverlängerung Meister #9;Bürgermeister-Smidt-Straße 39;27570;Bremerhaven;+49 368 902797;Keratin Bonds, Luxury Hair Extensions & Premium Care;GL - Great Lengths Partner;GL Premium Partner / High-End Ext. & Care
GL-0561;Bremerhaven Couture Extensions #10;Havenwelten 56;27571;Bremerhaven;+49 520 140835;Keratin Bonds, Luxury Hair Extensions & Premium Care;GL - Great Lengths Partner;GL Premium Partner / High-End Ext. & Care
GL-0562;Bremerhaven Hair Couture #11;Bürgermeister-Smidt-Straße 20;27572;Bremerhaven;+49 799 573085;Keratin Bonds, Luxury Hair Extensions & Premium Care;GL - Great Lengths Partner;GL Premium Partner / High-End Ext. & Care
GL-0563;Bremerhaven Top Hair Studio #12;Havenwelten 136;27573;Bremerhaven;+49 954 196890;Keratin Bonds, Luxury Hair Extensions & Premium Care;GL - Great Lengths Partner;GL Premium Partner / High-End Ext. & Care
GL-0564;Bremerhaven Luxury Hair Lounge #13;Bürgermeister-Smidt-Straße 142;27568;Bremerhaven;+49 705 658331;Keratin Bonds, Luxury Hair Extensions & Premium Care;GL - Great Lengths Partner;GL Premium Partner / High-End Ext. & Care
GL-0565;Bremerhaven The Art of Hair #14;Havenwelten 55;27569;Bremerhaven;+49 972 996467;Keratin Bonds, Luxury Hair Extensions & Premium Care;GL - Great Lengths Partner;GL Premium Partner / High-End Ext. & Care
GL-0566;Bremerhaven Top Hair Studio #15;Bürgermeister-Smidt-Straße 79;27570;Bremerhaven;+49 988 299591;Keratin Bonds, Luxury Hair Extensions & Premium Care;GL - Great Lengths Partner;GL Premium Partner / High-End Ext. & Care
GL-0567;Jena Top Hair Studio #1;Löbderstraße 95;7743;Jena;+49 307 384473;Keratin Bonds, Luxury Hair Extensions & Premium Care;GL - Great Lengths Partner;GL Premium Partner / High-End Ext. & Care
GL-0568;Jena Luxury Hair Lounge #2;Schillerstraße 83;7744;Jena;+49 721 502980;Keratin Bonds, Luxury Hair Extensions & Premium Care;GL - Great Lengths Partner;GL Premium Partner / High-End Ext. & Care
GL-0569;Jena The Art of Hair #3;Johannisstraße 8;7745;Jena;+49 955 781708;Keratin Bonds, Luxury Hair Extensions & Premium Care;GL - Great Lengths Partner;GL Premium Partner / High-End Ext. & Care
GL-0570;Jena Top Hair Studio #4;Löbderstraße 7;7746;Jena;+49 951 793488;Keratin Bonds, Luxury Hair Extensions & Premium Care;GL - Great Lengths Partner;GL Premium Partner / High-End Ext. & Care
GL-0571;Jena Haarverlängerung Meister #5;Schillerstraße 10;7747;Jena;+49 438 966827;Keratin Bonds, Luxury Hair Extensions & Premium Care;GL - Great Lengths Partner;GL Premium Partner / High-End Ext. & Care
GL-0572;Jena Haarverlängerung Meister #6;Johannisstraße 7;7748;Jena;+49 635 778492;Keratin Bonds, Luxury Hair Extensions & Premium Care;GL - Great Lengths Partner;GL Premium Partner / High-End Ext. & Care
GL-0573;Jena Couture Extensions #7;Löbderstraße 5;7743;Jena;+49 827 639209;Keratin Bonds, Luxury Hair Extensions & Premium Care;GL - Great Lengths Partner;GL Premium Partner / High-End Ext. & Care
GL-0574;Jena Haarverlängerung Meister #8;Schillerstraße 132;7744;Jena;+49 753 479374;Keratin Bonds, Luxury Hair Extensions & Premium Care;GL - Great Lengths Partner;GL Premium Partner / High-End Ext. & Care
GL-0575;Jena Premium Coiffeur #9;Johannisstraße 106;7745;Jena;+49 967 784533;Keratin Bonds, Luxury Hair Extensions & Premium Care;GL - Great Lengths Partner;GL Premium Partner / High-End Ext. & Care
GL-0576;Jena The Art of Hair #10;Löbderstraße 147;7746;Jena;+49 898 742897;Keratin Bonds, Luxury Hair Extensions & Premium Care;GL - Great Lengths Partner;GL Premium Partner / High-End Ext. & Care
GL-0577;Jena Haarverlängerung Meister #11;Schillerstraße 62;7747;Jena;+49 501 764081;Keratin Bonds, Luxury Hair Extensions & Premium Care;GL - Great Lengths Partner;GL Premium Partner / High-End Ext. & Care
GL-0578;Jena The Art of Hair #12;Johannisstraße 1;7748;Jena;+49 977 909239;Keratin Bonds, Luxury Hair Extensions & Premium Care;GL - Great Lengths Partner;GL Premium Partner / High-End Ext. & Care
GL-0579;Jena Hair Couture #13;Löbderstraße 29;7743;Jena;+49 574 742526;Keratin Bonds, Luxury Hair Extensions & Premium Care;GL - Great Lengths Partner;GL Premium Partner / High-End Ext. & Care
GL-0580;Jena Haarverlängerung Meister #14;Schillerstraße 77;7744;Jena;+49 548 474417;Keratin Bonds, Luxury Hair Extensions & Premium Care;GL - Great Lengths Partner;GL Premium Partner / High-End Ext. & Care
GL-0581;Jena Haarverlängerung Meister #15;Johannisstraße 43;7745;Jena;+49 483 212741;Keratin Bonds, Luxury Hair Extensions & Premium Care;GL - Great Lengths Partner;GL Premium Partner / High-End Ext. & Care
GL-0582;Jena Premium Coiffeur #16;Löbderstraße 113;7746;Jena;+49 230 313595;Keratin Bonds, Luxury Hair Extensions & Premium Care;GL - Great Lengths Partner;GL Premium Partner / High-End Ext. & Care
GL-0583;Jena The Art of Hair #17;Schillerstraße 105;7747;Jena;+49 465 757318;Keratin Bonds, Luxury Hair Extensions & Premium Care;GL - Great Lengths Partner;GL Premium Partner / High-End Ext. & Care
GL-0584;Jena Hair Couture #18;Johannisstraße 86;7748;Jena;+49 626 460743;Keratin Bonds, Luxury Hair Extensions & Premium Care;GL - Great Lengths Partner;GL Premium Partner / High-End Ext. & Care
GL-0585;Trier Exclusiv Friseur #1;Simeonstraße 82;54290;Trier;+49 414 188515;Keratin Bonds, Luxury Hair Extensions & Premium Care;GL - Great Lengths Partner;GL Premium Partner / High-End Ext. & Care
GL-0586;Trier Luxury Hair Lounge #2;Fleischstraße 139;54291;Trier;+49 882 492785;Keratin Bonds, Luxury Hair Extensions & Premium Care;GL - Great Lengths Partner;GL Premium Partner / High-End Ext. & Care
GL-0587;Trier Luxury Hair Lounge #3;Brodgasse 73;54292;Trier;+49 613 368335;Keratin Bonds, Luxury Hair Extensions & Premium Care;GL - Great Lengths Partner;GL Premium Partner / High-End Ext. & Care
GL-0588;Trier Luxury Hair Lounge #4;Simeonstraße 85;54293;Trier;+49 249 832127;Keratin Bonds, Luxury Hair Extensions & Premium Care;GL - Great Lengths Partner;GL Premium Partner / High-End Ext. & Care
GL-0589;Trier Top Hair Studio #5;Fleischstraße 28;54294;Trier;+49 769 870158;Keratin Bonds, Luxury Hair Extensions & Premium Care;GL - Great Lengths Partner;GL Premium Partner / High-End Ext. & Care
GL-0590;Trier The Art of Hair #6;Brodgasse 93;54295;Trier;+49 788 418108;Keratin Bonds, Luxury Hair Extensions & Premium Care;GL - Great Lengths Partner;GL Premium Partner / High-End Ext. & Care
GL-0591;Trier Top Hair Studio #7;Simeonstraße 130;54290;Trier;+49 296 244045;Keratin Bonds, Luxury Hair Extensions & Premium Care;GL - Great Lengths Partner;GL Premium Partner / High-End Ext. & Care
GL-0592;Trier Premium Coiffeur #8;Fleischstraße 116;54291;Trier;+49 766 259924;Keratin Bonds, Luxury Hair Extensions & Premium Care;GL - Great Lengths Partner;GL Premium Partner / High-End Ext. & Care
GL-0593;Trier Exclusiv Friseur #9;Brodgasse 137;54292;Trier;+49 625 879742;Keratin Bonds, Luxury Hair Extensions & Premium Care;GL - Great Lengths Partner;GL Premium Partner / High-End Ext. & Care
GL-0594;Trier Top Hair Studio #10;Simeonstraße 89;54293;Trier;+49 902 992785;Keratin Bonds, Luxury Hair Extensions & Premium Care;GL - Great Lengths Partner;GL Premium Partner / High-End Ext. & Care
GL-0595;Trier Couture Extensions #11;Fleischstraße 48;54294;Trier;+49 577 292273;Keratin Bonds, Luxury Hair Extensions & Premium Care;GL - Great Lengths Partner;GL Premium Partner / High-End Ext. & Care
GL-0596;Trier Haarverlängerung Meister #12;Brodgasse 91;54295;Trier;+49 458 702578;Keratin Bonds, Luxury Hair Extensions & Premium Care;GL - Great Lengths Partner;GL Premium Partner / High-End Ext. & Care
GL-0597;Trier Hair Couture #13;Simeonstraße 73;54290;Trier;+49 550 517949;Keratin Bonds, Luxury Hair Extensions & Premium Care;GL - Great Lengths Partner;GL Premium Partner / High-End Ext. & Care
GL-0598;Trier Hair Couture #14;Fleischstraße 145;54291;Trier;+49 993 447416;Keratin Bonds, Luxury Hair Extensions & Premium Care;GL - Great Lengths Partner;GL Premium Partner / High-End Ext. & Care
GL-0599;Trier The Art of Hair #15;Brodgasse 101;54292;Trier;+49 849 621306;Keratin Bonds, Luxury Hair Extensions & Premium Care;GL - Great Lengths Partner;GL Premium Partner / High-End Ext. & Care
GL-0600;Erlangen Couture Extensions #1;Hauptstraße 107;91054;Erlangen;+49 856 220408;Keratin Bonds, Luxury Hair Extensions & Premium Care;GL - Great Lengths Partner;GL Premium Partner / High-End Ext. & Care
GL-0601;Erlangen Luxury Hair Lounge #2;Nürnberger Straße 7;91055;Erlangen;+49 205 279622;Keratin Bonds, Luxury Hair Extensions & Premium Care;GL - Great Lengths Partner;GL Premium Partner / High-End Ext. & Care
GL-0602;Erlangen Premium Coiffeur #3;Fuchsenwiese 33;91056;Erlangen;+49 518 497583;Keratin Bonds, Luxury Hair Extensions & Premium Care;GL - Great Lengths Partner;GL Premium Partner / High-End Ext. & Care
GL-0603;Erlangen Luxury Hair Lounge #4;Hauptstraße 105;91057;Erlangen;+49 374 124498;Keratin Bonds, Luxury Hair Extensions & Premium Care;GL - Great Lengths Partner;GL Premium Partner / High-End Ext. & Care
GL-0604;Erlangen Top Hair Studio #5;Nürnberger Straße 29;91058;Erlangen;+49 601 941492;Keratin Bonds, Luxury Hair Extensions & Premium Care;GL - Great Lengths Partner;GL Premium Partner / High-End Ext. & Care
GL-0605;Erlangen Top Hair Studio #6;Fuchsenwiese 122;91059;Erlangen;+49 987 532686;Keratin Bonds, Luxury Hair Extensions & Premium Care;GL - Great Lengths Partner;GL Premium Partner / High-End Ext. & Care
GL-0606;Erlangen The Art of Hair #7;Hauptstraße 19;91054;Erlangen;+49 247 105726;Keratin Bonds, Luxury Hair Extensions & Premium Care;GL - Great Lengths Partner;GL Premium Partner / High-End Ext. & Care
GL-0607;Erlangen Top Hair Studio #8;Nürnberger Straße 142;91055;Erlangen;+49 901 726039;Keratin Bonds, Luxury Hair Extensions & Premium Care;GL - Great Lengths Partner;GL Premium Partner / High-End Ext. & Care
GL-0608;Erlangen Top Hair Studio #9;Fuchsenwiese 23;91056;Erlangen;+49 719 725218;Keratin Bonds, Luxury Hair Extensions & Premium Care;GL - Great Lengths Partner;GL Premium Partner / High-End Ext. & Care
GL-0609;Erlangen Top Hair Studio #10;Hauptstraße 131;91057;Erlangen;+49 388 667332;Keratin Bonds, Luxury Hair Extensions & Premium Care;GL - Great Lengths Partner;GL Premium Partner / High-End Ext. & Care
GL-0610;Erlangen The Art of Hair #11;Nürnberger Straße 118;91058;Erlangen;+49 304 194600;Keratin Bonds, Luxury Hair Extensions & Premium Care;GL - Great Lengths Partner;GL Premium Partner / High-End Ext. & Care
GL-0611;Erlangen Exclusiv Friseur #12;Fuchsenwiese 58;91059;Erlangen;+49 348 410942;Keratin Bonds, Luxury Hair Extensions & Premium Care;GL - Great Lengths Partner;GL Premium Partner / High-End Ext. & Care
GL-0612;Erlangen Luxury Hair Lounge #13;Hauptstraße 10;91054;Erlangen;+49 679 784351;Keratin Bonds, Luxury Hair Extensions & Premium Care;GL - Great Lengths Partner;GL Premium Partner / High-End Ext. & Care
GL-0613;Erlangen Hair Couture #14;Nürnberger Straße 20;91055;Erlangen;+49 357 250897;Keratin Bonds, Luxury Hair Extensions & Premium Care;GL - Great Lengths Partner;GL Premium Partner / High-End Ext. & Care
GL-0614;Erlangen Exclusiv Friseur #15;Fuchsenwiese 20;91056;Erlangen;+49 841 369822;Keratin Bonds, Luxury Hair Extensions & Premium Care;GL - Great Lengths Partner;GL Premium Partner / High-End Ext. & Care
GL-0615;Erlangen Premium Coiffeur #16;Hauptstraße 79;91057;Erlangen;+49 770 145635;Keratin Bonds, Luxury Hair Extensions & Premium Care;GL - Great Lengths Partner;GL Premium Partner / High-End Ext. & Care
GL-0616;Erlangen Couture Extensions #17;Nürnberger Straße 110;91058;Erlangen;+49 714 507185;Keratin Bonds, Luxury Hair Extensions & Premium Care;GL - Great Lengths Partner;GL Premium Partner / High-End Ext. & Care
GL-0617;Erlangen Exclusiv Friseur #18;Fuchsenwiese 121;91059;Erlangen;+49 247 398975;Keratin Bonds, Luxury Hair Extensions & Premium Care;GL - Great Lengths Partner;GL Premium Partner / High-End Ext. & Care
GL-0618;Verden (Aller) Hair Couture #1;Große Straße 75;27283;Verden (Aller);+49 833 342574;Keratin Bonds, Luxury Hair Extensions & Premium Care;GL - Great Lengths Partner;GL Premium Partner / High-End Ext. & Care
GL-0619;Verden (Aller) Couture Extensions #2;Osterstraße 5;27284;Verden (Aller);+49 597 347307;Keratin Bonds, Luxury Hair Extensions & Premium Care;GL - Great Lengths Partner;GL Premium Partner / High-End Ext. & Care
GL-0620;Verden (Aller) Couture Extensions #3;Nordermauer 132;27285;Verden (Aller);+49 722 246725;Keratin Bonds, Luxury Hair Extensions & Premium Care;GL - Great Lengths Partner;GL Premium Partner / High-End Ext. & Care
GL-0621;Verden (Aller) Couture Extensions #4;Große Straße 5;27286;Verden (Aller);+49 394 264853;Keratin Bonds, Luxury Hair Extensions & Premium Care;GL - Great Lengths Partner;GL Premium Partner / High-End Ext. & Care
GL-0622;Verden (Aller) Exclusiv Friseur #5;Osterstraße 60;27287;Verden (Aller);+49 720 388250;Keratin Bonds, Luxury Hair Extensions & Premium Care;GL - Great Lengths Partner;GL Premium Partner / High-End Ext. & Care
GL-0623;Verden (Aller) Exclusiv Friseur #6;Nordermauer 62;27288;Verden (Aller);+49 296 226031;Keratin Bonds, Luxury Hair Extensions & Premium Care;GL - Great Lengths Partner;GL Premium Partner / High-End Ext. & Care
GL-0624;Verden (Aller) Top Hair Studio #7;Große Straße 55;27283;Verden (Aller);+49 952 359003;Keratin Bonds, Luxury Hair Extensions & Premium Care;GL - Great Lengths Partner;GL Premium Partner / High-End Ext. & Care
GL-0625;Verden (Aller) Exclusiv Friseur #8;Osterstraße 130;27284;Verden (Aller);+49 839 469795;Keratin Bonds, Luxury Hair Extensions & Premium Care;GL - Great Lengths Partner;GL Premium Partner / High-End Ext. & Care
GL-0626;Verden (Aller) Top Hair Studio #9;Nordermauer 128;27285;Verden (Aller);+49 818 278591;Keratin Bonds, Luxury Hair Extensions & Premium Care;GL - Great Lengths Partner;GL Premium Partner / High-End Ext. & Care
GL-0627;Verden (Aller) Luxury Hair Lounge #10;Große Straße 95;27286;Verden (Aller);+49 691 691410;Keratin Bonds, Luxury Hair Extensions & Premium Care;GL - Great Lengths Partner;GL Premium Partner / High-End Ext. & Care
GL-0628;Verden (Aller) Top Hair Studio #11;Osterstraße 10;27287;Verden (Aller);+49 592 383161;Keratin Bonds, Luxury Hair Extensions & Premium Care;GL - Great Lengths Partner;GL Premium Partner / High-End Ext. & Care
GL-0629;Verden (Aller) The Art of Hair #12;Nordermauer 94;27288;Verden (Aller);+49 657 164434;Keratin Bonds, Luxury Hair Extensions & Premium Care;GL - Great Lengths Partner;GL Premium Partner / High-End Ext. & Care
GL-0630;Verden (Aller) Luxury Hair Lounge #13;Große Straße 33;27283;Verden (Aller);+49 821 780531;Keratin Bonds, Luxury Hair Extensions & Premium Care;GL - Great Lengths Partner;GL Premium Partner / High-End Ext. & Care
GL-0631;Achim Haarverlängerung Meister #1;Obergasse 104;28832;Achim;+49 535 438396;Keratin Bonds, Luxury Hair Extensions & Premium Care;GL - Great Lengths Partner;GL Premium Partner / High-End Ext. & Care
GL-0632;Achim The Art of Hair #2;Weserstraße 135;28833;Achim;+49 696 675644;Keratin Bonds, Luxury Hair Extensions & Premium Care;GL - Great Lengths Partner;GL Premium Partner / High-End Ext. & Care
GL-0633;Achim Top Hair Studio #3;Wiesenstraße 17;28834;Achim;+49 467 157381;Keratin Bonds, Luxury Hair Extensions & Premium Care;GL - Great Lengths Partner;GL Premium Partner / High-End Ext. & Care
GL-0634;Achim Haarverlängerung Meister #4;Obergasse 127;28835;Achim;+49 256 360274;Keratin Bonds, Luxury Hair Extensions & Premium Care;GL - Great Lengths Partner;GL Premium Partner / High-End Ext. & Care
GL-0635;Achim Exclusiv Friseur #5;Weserstraße 11;28836;Achim;+49 353 691346;Keratin Bonds, Luxury Hair Extensions & Premium Care;GL - Great Lengths Partner;GL Premium Partner / High-End Ext. & Care
GL-0636;Achim Hair Couture #6;Wiesenstraße 149;28837;Achim;+49 724 787353;Keratin Bonds, Luxury Hair Extensions & Premium Care;GL - Great Lengths Partner;GL Premium Partner / High-End Ext. & Care
GL-0637;Achim Exclusiv Friseur #7;Obergasse 41;28832;Achim;+49 992 780469;Keratin Bonds, Luxury Hair Extensions & Premium Care;GL - Great Lengths Partner;GL Premium Partner / High-End Ext. & Care
GL-0638;Achim Couture Extensions #8;Weserstraße 98;28833;Achim;+49 218 569749;Keratin Bonds, Luxury Hair Extensions & Premium Care;GL - Great Lengths Partner;GL Premium Partner / High-End Ext. & Care
GL-0639;Achim Top Hair Studio #9;Wiesenstraße 63;28834;Achim;+49 353 803973;Keratin Bonds, Luxury Hair Extensions & Premium Care;GL - Great Lengths Partner;GL Premium Partner / High-End Ext. & Care
GL-0640;Achim Exclusiv Friseur #10;Obergasse 123;28835;Achim;+49 748 505887;Keratin Bonds, Luxury Hair Extensions & Premium Care;GL - Great Lengths Partner;GL Premium Partner / High-End Ext. & Care
GL-0641;Achim Exclusiv Friseur #11;Weserstraße 85;28836;Achim;+49 679 999608;Keratin Bonds, Luxury Hair Extensions & Premium Care;GL - Great Lengths Partner;GL Premium Partner / High-End Ext. & Care
GL-0642;Achim Premium Coiffeur #12;Wiesenstraße 121;28837;Achim;+49 401 911290;Keratin Bonds, Luxury Hair Extensions & Premium Care;GL - Great Lengths Partner;GL Premium Partner / High-End Ext. & Care
GL-0643;Achim Premium Coiffeur #13;Obergasse 34;28832;Achim;+49 326 677845;Keratin Bonds, Luxury Hair Extensions & Premium Care;GL - Great Lengths Partner;GL Premium Partner / High-End Ext. & Care
GL-0644;Achim Premium Coiffeur #14;Weserstraße 7;28833;Achim;+49 624 911426;Keratin Bonds, Luxury Hair Extensions & Premium Care;GL - Great Lengths Partner;GL Premium Partner / High-End Ext. & Care
GL-0645;Achim Exclusiv Friseur #15;Wiesenstraße 29;28834;Achim;+49 992 353954;Keratin Bonds, Luxury Hair Extensions & Premium Care;GL - Great Lengths Partner;GL Premium Partner / High-End Ext. & Care
GL-0646;Achim Hair Couture #16;Obergasse 41;28835;Achim;+49 676 935727;Keratin Bonds, Luxury Hair Extensions & Premium Care;GL - Great Lengths Partner;GL Premium Partner / High-End Ext. & Care
GL-0647;Achim Couture Extensions #17;Weserstraße 53;28836;Achim;+49 828 160364;Keratin Bonds, Luxury Hair Extensions & Premium Care;GL - Great Lengths Partner;GL Premium Partner / High-End Ext. & Care
GL-0648;Achim Exclusiv Friseur #18;Wiesenstraße 127;28837;Achim;+49 373 497678;Keratin Bonds, Luxury Hair Extensions & Premium Care;GL - Great Lengths Partner;GL Premium Partner / High-End Ext. & Care