Salon ID;Salon Name;Street;Postal Code;City;Phone;Specialization;Source/Marker;Notes
SH-CLEAN-0001;Flensburg Hair Studio #1;Große Straße 69;24937;Flensburg;+49 987 527023;Hair Extensions, UV-LED Wefts & Professional Hair Care;Simple Hair Partner;Comprehensive National Database - All Regions Included
SH-CLEAN-0002;Flensburg Hair Studio #2;Holm 69;24938;Flensburg;+49 239 497540;Hair Extensions, UV-LED Wefts & Professional Hair Care;Simple Hair Partner;Comprehensive National Database - All Regions Included
SH-CLEAN-0003;Flensburg UV-Weft Lounge #3;Norderstraße 138;24939;Flensburg;+49 540 457352;Hair Extensions, UV-LED Wefts & Professional Hair Care;Simple Hair Partner;Comprehensive National Database - All Regions Included
SH-CLEAN-0004;Flensburg Coiffeur #4;Große Straße 14;24940;Flensburg;+49 338 453597;Hair Extensions, UV-LED Wefts & Professional Hair Care;Simple Hair Partner;Comprehensive National Database - All Regions Included
SH-CLEAN-0005;Flensburg Haar-Atelier #5;Holm 144;24937;Flensburg;+49 918 357072;Hair Extensions, UV-LED Wefts & Professional Hair Care;Simple Hair Partner;Comprehensive National Database - All Regions Included
SH-CLEAN-0006;Kiel Tressen & More #1;Holstenstraße 1;24103;Kiel;+49 992 191869;Hair Extensions, UV-LED Wefts & Professional Hair Care;Simple Hair Partner;Comprehensive National Database - All Regions Included
SH-CLEAN-0007;Kiel Tressen & More #2;Dänische Straße 153;24104;Kiel;+49 271 106915;Hair Extensions, UV-LED Wefts & Professional Hair Care;Simple Hair Partner;Comprehensive National Database - All Regions Included
SH-CLEAN-0008;Kiel Extensions Experts #3;Sophienblatt 81;24105;Kiel;+49 659 206993;Hair Extensions, UV-LED Wefts & Professional Hair Care;Simple Hair Partner;Comprehensive National Database - All Regions Included
SH-CLEAN-0009;Kiel Hair Studio #4;Holstenstraße 12;24106;Kiel;+49 883 249081;Hair Extensions, UV-LED Wefts & Professional Hair Care;Simple Hair Partner;Comprehensive National Database - All Regions Included
SH-CLEAN-0010;Kiel Master Hair #5;Dänische Straße 33;24103;Kiel;+49 221 405976;Hair Extensions, UV-LED Wefts & Professional Hair Care;Simple Hair Partner;Comprehensive National Database - All Regions Included
SH-CLEAN-0011;Kiel UV-Weft Lounge #6;Sophienblatt 111;24104;Kiel;+49 688 378209;Hair Extensions, UV-LED Wefts & Professional Hair Care;Simple Hair Partner;Comprehensive National Database - All Regions Included
SH-CLEAN-0012;Lübeck Master Hair #1;Breite Straße 10;23552;Lübeck;+49 512 460146;Hair Extensions, UV-LED Wefts & Professional Hair Care;Simple Hair Partner;Comprehensive National Database - All Regions Included
SH-CLEAN-0013;Lübeck Master Hair #2;Königstraße 134;23553;Lübeck;+49 694 316911;Hair Extensions, UV-LED Wefts & Professional Hair Care;Simple Hair Partner;Comprehensive National Database - All Regions Included
SH-CLEAN-0014;Lübeck Extensions Experts #3;Hüxstraße 156;23554;Lübeck;+49 739 692250;Hair Extensions, UV-LED Wefts & Professional Hair Care;Simple Hair Partner;Comprehensive National Database - All Regions Included
SH-CLEAN-0015;Lübeck Hair Studio #4;Breite Straße 81;23555;Lübeck;+49 607 906647;Hair Extensions, UV-LED Wefts & Professional Hair Care;Simple Hair Partner;Comprehensive National Database - All Regions Included
SH-CLEAN-0016;Lübeck Tressen & More #5;Königstraße 132;23552;Lübeck;+49 901 664678;Hair Extensions, UV-LED Wefts & Professional Hair Care;Simple Hair Partner;Comprehensive National Database - All Regions Included
SH-CLEAN-0017;Lübeck Master Hair #6;Hüxstraße 153;23553;Lübeck;+49 697 645898;Hair Extensions, UV-LED Wefts & Professional Hair Care;Simple Hair Partner;Comprehensive National Database - All Regions Included
SH-CLEAN-0018;Lübeck Haar-Atelier #7;Breite Straße 108;23554;Lübeck;+49 722 133388;Hair Extensions, UV-LED Wefts & Professional Hair Care;Simple Hair Partner;Comprehensive National Database - All Regions Included
SH-CLEAN-0019;Lübeck Extensions Experts #8;Königstraße 47;23555;Lübeck;+49 284 610557;Hair Extensions, UV-LED Wefts & Professional Hair Care;Simple Hair Partner;Comprehensive National Database - All Regions Included
SH-CLEAN-0020;Neumünster Haar-Atelier #1;Große Paschstraße 44;24534;Neumünster;+49 545 681124;Hair Extensions, UV-LED Wefts & Professional Hair Care;Simple Hair Partner;Comprehensive National Database - All Regions Included
SH-CLEAN-0021;Neumünster Hair Studio #2;Kuhberg 101;24535;Neumünster;+49 940 578954;Hair Extensions, UV-LED Wefts & Professional Hair Care;Simple Hair Partner;Comprehensive National Database - All Regions Included
SH-CLEAN-0022;Neumünster UV-Weft Lounge #3;Gartenstraße 100;24536;Neumünster;+49 997 452432;Hair Extensions, UV-LED Wefts & Professional Hair Care;Simple Hair Partner;Comprehensive National Database - All Regions Included
SH-CLEAN-0023;Neumünster Coiffeur #4;Große Paschstraße 5;24537;Neumünster;+49 800 192439;Hair Extensions, UV-LED Wefts & Professional Hair Care;Simple Hair Partner;Comprehensive National Database - All Regions Included
SH-CLEAN-0024;Neumünster Hair Studio #5;Kuhberg 94;24534;Neumünster;+49 560 340259;Hair Extensions, UV-LED Wefts & Professional Hair Care;Simple Hair Partner;Comprehensive National Database - All Regions Included
SH-CLEAN-0025;Neumünster UV-Weft Lounge #6;Gartenstraße 104;24535;Neumünster;+49 713 858816;Hair Extensions, UV-LED Wefts & Professional Hair Care;Simple Hair Partner;Comprehensive National Database - All Regions Included
SH-CLEAN-0026;Neumünster Extensions Experts #7;Große Paschstraße 16;24536;Neumünster;+49 494 618813;Hair Extensions, UV-LED Wefts & Professional Hair Care;Simple Hair Partner;Comprehensive National Database - All Regions Included
SH-CLEAN-0027;Elmshorn Tressen & More #1;Königsstraße 140;25335;Elmshorn;+49 381 261230;Hair Extensions, UV-LED Wefts & Professional Hair Care;Simple Hair Partner;Comprehensive National Database - All Regions Included
SH-CLEAN-0028;Elmshorn Tressen & More #2;Damm 138;25336;Elmshorn;+49 587 888162;Hair Extensions, UV-LED Wefts & Professional Hair Care;Simple Hair Partner;Comprehensive National Database - All Regions Included
SH-CLEAN-0029;Elmshorn Hair Studio #3;Probstendamm 119;25337;Elmshorn;+49 210 241272;Hair Extensions, UV-LED Wefts & Professional Hair Care;Simple Hair Partner;Comprehensive National Database - All Regions Included
SH-CLEAN-0030;Elmshorn Coiffeur #4;Königsstraße 117;25338;Elmshorn;+49 221 368815;Hair Extensions, UV-LED Wefts & Professional Hair Care;Simple Hair Partner;Comprehensive National Database - All Regions Included
SH-CLEAN-0031;Elmshorn Extensions Experts #5;Damm 91;25335;Elmshorn;+49 478 555363;Hair Extensions, UV-LED Wefts & Professional Hair Care;Simple Hair Partner;Comprehensive National Database - All Regions Included
SH-CLEAN-0032;Elmshorn Hair Studio #6;Probstendamm 108;25336;Elmshorn;+49 311 747584;Hair Extensions, UV-LED Wefts & Professional Hair Care;Simple Hair Partner;Comprehensive National Database - All Regions Included
SH-CLEAN-0033;Pinneberg Haar-Atelier #1;Fahltskamp 131;25421;Pinneberg;+49 924 193101;Hair Extensions, UV-LED Wefts & Professional Hair Care;Simple Hair Partner;Comprehensive National Database - All Regions Included
SH-CLEAN-0034;Pinneberg Tressen & More #2;Dingstätte 22;25422;Pinneberg;+49 208 934388;Hair Extensions, UV-LED Wefts & Professional Hair Care;Simple Hair Partner;Comprehensive National Database - All Regions Included
SH-CLEAN-0035;Pinneberg Tressen & More #3;Bismarckstraße 138;25423;Pinneberg;+49 275 673133;Hair Extensions, UV-LED Wefts & Professional Hair Care;Simple Hair Partner;Comprehensive National Database - All Regions Included
SH-CLEAN-0036;Pinneberg Hair Studio #4;Fahltskamp 104;25424;Pinneberg;+49 530 375293;Hair Extensions, UV-LED Wefts & Professional Hair Care;Simple Hair Partner;Comprehensive National Database - All Regions Included
SH-CLEAN-0037;Pinneberg Hair Studio #5;Dingstätte 121;25421;Pinneberg;+49 968 688867;Hair Extensions, UV-LED Wefts & Professional Hair Care;Simple Hair Partner;Comprehensive National Database - All Regions Included
SH-CLEAN-0038;Ahrensburg Haar-Atelier #1;Manhagener Allee 107;22926;Ahrensburg;+49 224 770174;Hair Extensions, UV-LED Wefts & Professional Hair Care;Simple Hair Partner;Comprehensive National Database - All Regions Included
SH-CLEAN-0039;Ahrensburg Tressen & More #2;Hamburger Straße 42;22927;Ahrensburg;+49 265 852581;Hair Extensions, UV-LED Wefts & Professional Hair Care;Simple Hair Partner;Comprehensive National Database - All Regions Included
SH-CLEAN-0040;Ahrensburg Haar-Atelier #3;Alte Allee 37;22928;Ahrensburg;+49 884 346377;Hair Extensions, UV-LED Wefts & Professional Hair Care;Simple Hair Partner;Comprehensive National Database - All Regions Included
SH-CLEAN-0041;Ahrensburg Master Hair #4;Manhagener Allee 21;22929;Ahrensburg;+49 842 159935;Hair Extensions, UV-LED Wefts & Professional Hair Care;Simple Hair Partner;Comprehensive National Database - All Regions Included
SH-CLEAN-0042;Ahrensburg Tressen & More #5;Hamburger Straße 133;22926;Ahrensburg;+49 750 421035;Hair Extensions, UV-LED Wefts & Professional Hair Care;Simple Hair Partner;Comprehensive National Database - All Regions Included
SH-CLEAN-0043;Ahrensburg Extensions Experts #6;Alte Allee 38;22927;Ahrensburg;+49 990 405339;Hair Extensions, UV-LED Wefts & Professional Hair Care;Simple Hair Partner;Comprehensive National Database - All Regions Included
SH-CLEAN-0044;Ahrensburg Haar-Atelier #7;Manhagener Allee 100;22928;Ahrensburg;+49 329 660904;Hair Extensions, UV-LED Wefts & Professional Hair Care;Simple Hair Partner;Comprehensive National Database - All Regions Included
SH-CLEAN-0045;Norderstedt Hair Studio #1;Ochsenzollstraße 133;22848;Norderstedt;+49 844 274904;Hair Extensions, UV-LED Wefts & Professional Hair Care;Simple Hair Partner;Comprehensive National Database - All Regions Included
SH-CLEAN-0046;Norderstedt Tressen & More #2;Rathausallee 151;22849;Norderstedt;+49 642 165070;Hair Extensions, UV-LED Wefts & Professional Hair Care;Simple Hair Partner;Comprehensive National Database - All Regions Included
SH-CLEAN-0047;Norderstedt Tressen & More #3;Berliner Allee 35;22850;Norderstedt;+49 884 121613;Hair Extensions, UV-LED Wefts & Professional Hair Care;Simple Hair Partner;Comprehensive National Database - All Regions Included
SH-CLEAN-0048;Norderstedt Tressen & More #4;Ochsenzollstraße 90;22851;Norderstedt;+49 956 876118;Hair Extensions, UV-LED Wefts & Professional Hair Care;Simple Hair Partner;Comprehensive National Database - All Regions Included
SH-CLEAN-0049;Norderstedt Haar-Atelier #5;Rathausallee 116;22848;Norderstedt;+49 639 929538;Hair Extensions, UV-LED Wefts & Professional Hair Care;Simple Hair Partner;Comprehensive National Database - All Regions Included
SH-CLEAN-0050;Norderstedt Coiffeur #6;Berliner Allee 8;22849;Norderstedt;+49 734 440636;Hair Extensions, UV-LED Wefts & Professional Hair Care;Simple Hair Partner;Comprehensive National Database - All Regions Included
SH-CLEAN-0051;Norderstedt UV-Weft Lounge #7;Ochsenzollstraße 133;22850;Norderstedt;+49 769 244044;Hair Extensions, UV-LED Wefts & Professional Hair Care;Simple Hair Partner;Comprehensive National Database - All Regions Included
SH-CLEAN-0052;Schwerin Hair Studio #1;Mecklenburgstraße 129;19053;Schwerin;+49 758 861608;Hair Extensions, UV-LED Wefts & Professional Hair Care;Simple Hair Partner;Comprehensive National Database - All Regions Included
SH-CLEAN-0053;Schwerin Coiffeur #2;Schmiedestraße 95;19054;Schwerin;+49 783 456600;Hair Extensions, UV-LED Wefts & Professional Hair Care;Simple Hair Partner;Comprehensive National Database - All Regions Included
SH-CLEAN-0054;Schwerin Haar-Atelier #3;Wismarsche Straße 24;19055;Schwerin;+49 718 355054;Hair Extensions, UV-LED Wefts & Professional Hair Care;Simple Hair Partner;Comprehensive National Database - All Regions Included
SH-CLEAN-0055;Schwerin Haar-Atelier #4;Mecklenburgstraße 53;19056;Schwerin;+49 470 517511;Hair Extensions, UV-LED Wefts & Professional Hair Care;Simple Hair Partner;Comprehensive National Database - All Regions Included
SH-CLEAN-0056;Schwerin UV-Weft Lounge #5;Schmiedestraße 12;19053;Schwerin;+49 282 306668;Hair Extensions, UV-LED Wefts & Professional Hair Care;Simple Hair Partner;Comprehensive National Database - All Regions Included
SH-CLEAN-0057;Schwerin Coiffeur #6;Wismarsche Straße 130;19054;Schwerin;+49 976 117993;Hair Extensions, UV-LED Wefts & Professional Hair Care;Simple Hair Partner;Comprehensive National Database - All Regions Included
SH-CLEAN-0058;Schwerin Haar-Atelier #7;Mecklenburgstraße 50;19055;Schwerin;+49 778 342145;Hair Extensions, UV-LED Wefts & Professional Hair Care;Simple Hair Partner;Comprehensive National Database - All Regions Included
SH-CLEAN-0059;Rostock Haar-Atelier #1;Kröpeliner Straße 154;18055;Rostock;+49 285 457715;Hair Extensions, UV-LED Wefts & Professional Hair Care;Simple Hair Partner;Comprehensive National Database - All Regions Included
SH-CLEAN-0060;Rostock UV-Weft Lounge #2;Doberaner Straße 142;18056;Rostock;+49 336 948318;Hair Extensions, UV-LED Wefts & Professional Hair Care;Simple Hair Partner;Comprehensive National Database - All Regions Included
SH-CLEAN-0061;Rostock Coiffeur #3;Lange Straße 137;18057;Rostock;+49 695 616200;Hair Extensions, UV-LED Wefts & Professional Hair Care;Simple Hair Partner;Comprehensive National Database - All Regions Included
SH-CLEAN-0062;Rostock Master Hair #4;Kröpeliner Straße 102;18058;Rostock;+49 228 369328;Hair Extensions, UV-LED Wefts & Professional Hair Care;Simple Hair Partner;Comprehensive National Database - All Regions Included
SH-CLEAN-0063;Rostock Master Hair #5;Doberaner Straße 148;18055;Rostock;+49 697 457062;Hair Extensions, UV-LED Wefts & Professional Hair Care;Simple Hair Partner;Comprehensive National Database - All Regions Included
SH-CLEAN-0064;Stralsund Master Hair #1;Ossenreyerstraße 58;18439;Stralsund;+49 713 232231;Hair Extensions, UV-LED Wefts & Professional Hair Care;Simple Hair Partner;Comprehensive National Database - All Regions Included
SH-CLEAN-0065;Stralsund Extensions Experts #2;Mühlenstraße 157;18440;Stralsund;+49 206 932347;Hair Extensions, UV-LED Wefts & Professional Hair Care;Simple Hair Partner;Comprehensive National Database - All Regions Included
SH-CLEAN-0066;Stralsund UV-Weft Lounge #3;Fährstraße 154;18441;Stralsund;+49 706 460075;Hair Extensions, UV-LED Wefts & Professional Hair Care;Simple Hair Partner;Comprehensive National Database - All Regions Included
SH-CLEAN-0067;Stralsund Hair Studio #4;Ossenreyerstraße 150;18442;Stralsund;+49 907 154982;Hair Extensions, UV-LED Wefts & Professional Hair Care;Simple Hair Partner;Comprehensive National Database - All Regions Included
SH-CLEAN-0068;Stralsund Master Hair #5;Mühlenstraße 93;18439;Stralsund;+49 671 479417;Hair Extensions, UV-LED Wefts & Professional Hair Care;Simple Hair Partner;Comprehensive National Database - All Regions Included
SH-CLEAN-0069;Stralsund Haar-Atelier #6;Fährstraße 108;18440;Stralsund;+49 567 327115;Hair Extensions, UV-LED Wefts & Professional Hair Care;Simple Hair Partner;Comprehensive National Database - All Regions Included
SH-CLEAN-0070;Stralsund Haar-Atelier #7;Ossenreyerstraße 115;18441;Stralsund;+49 971 301819;Hair Extensions, UV-LED Wefts & Professional Hair Care;Simple Hair Partner;Comprehensive National Database - All Regions Included
SH-CLEAN-0071;Stralsund Tressen & More #8;Mühlenstraße 47;18442;Stralsund;+49 263 982508;Hair Extensions, UV-LED Wefts & Professional Hair Care;Simple Hair Partner;Comprehensive National Database - All Regions Included
SH-CLEAN-0072;Greifswald UV-Weft Lounge #1;Lange Straße 97;17489;Greifswald;+49 471 969644;Hair Extensions, UV-LED Wefts & Professional Hair Care;Simple Hair Partner;Comprehensive National Database - All Regions Included
SH-CLEAN-0073;Greifswald Master Hair #2;Menzeliusstraße 45;17490;Greifswald;+49 772 494688;Hair Extensions, UV-LED Wefts & Professional Hair Care;Simple Hair Partner;Comprehensive National Database - All Regions Included
SH-CLEAN-0074;Greifswald Hair Studio #3;Salzstraße 95;17491;Greifswald;+49 503 228268;Hair Extensions, UV-LED Wefts & Professional Hair Care;Simple Hair Partner;Comprehensive National Database - All Regions Included
SH-CLEAN-0075;Greifswald UV-Weft Lounge #4;Lange Straße 68;17492;Greifswald;+49 819 437886;Hair Extensions, UV-LED Wefts & Professional Hair Care;Simple Hair Partner;Comprehensive National Database - All Regions Included
SH-CLEAN-0076;Greifswald Tressen & More #5;Menzeliusstraße 15;17489;Greifswald;+49 252 714432;Hair Extensions, UV-LED Wefts & Professional Hair Care;Simple Hair Partner;Comprehensive National Database - All Regions Included
SH-CLEAN-0077;Greifswald Haar-Atelier #6;Salzstraße 100;17490;Greifswald;+49 310 588162;Hair Extensions, UV-LED Wefts & Professional Hair Care;Simple Hair Partner;Comprehensive National Database - All Regions Included
SH-CLEAN-0078;Greifswald Master Hair #7;Lange Straße 147;17491;Greifswald;+49 923 440467;Hair Extensions, UV-LED Wefts & Professional Hair Care;Simple Hair Partner;Comprehensive National Database - All Regions Included
SH-CLEAN-0079;Greifswald Extensions Experts #8;Menzeliusstraße 63;17492;Greifswald;+49 656 378831;Hair Extensions, UV-LED Wefts & Professional Hair Care;Simple Hair Partner;Comprehensive National Database - All Regions Included
SH-CLEAN-0080;Neubrandenburg UV-Weft Lounge #1;Stargarder Straße 145;17033;Neubrandenburg;+49 552 360480;Hair Extensions, UV-LED Wefts & Professional Hair Care;Simple Hair Partner;Comprehensive National Database - All Regions Included
SH-CLEAN-0081;Neubrandenburg UV-Weft Lounge #2;Treptower Straße 117;17034;Neubrandenburg;+49 788 388380;Hair Extensions, UV-LED Wefts & Professional Hair Care;Simple Hair Partner;Comprehensive National Database - All Regions Included
SH-CLEAN-0082;Neubrandenburg Hair Studio #3;Gusower Weg 87;17035;Neubrandenburg;+49 386 229330;Hair Extensions, UV-LED Wefts & Professional Hair Care;Simple Hair Partner;Comprehensive National Database - All Regions Included
SH-CLEAN-0083;Neubrandenburg Tressen & More #4;Stargarder Straße 6;17036;Neubrandenburg;+49 876 620574;Hair Extensions, UV-LED Wefts & Professional Hair Care;Simple Hair Partner;Comprehensive National Database - All Regions Included
SH-CLEAN-0084;Neubrandenburg Tressen & More #5;Treptower Straße 34;17033;Neubrandenburg;+49 747 144837;Hair Extensions, UV-LED Wefts & Professional Hair Care;Simple Hair Partner;Comprehensive National Database - All Regions Included
SH-CLEAN-0085;Neubrandenburg UV-Weft Lounge #6;Gusower Weg 121;17034;Neubrandenburg;+49 344 441669;Hair Extensions, UV-LED Wefts & Professional Hair Care;Simple Hair Partner;Comprehensive National Database - All Regions Included
SH-CLEAN-0086;Neubrandenburg Coiffeur #7;Stargarder Straße 95;17035;Neubrandenburg;+49 812 133715;Hair Extensions, UV-LED Wefts & Professional Hair Care;Simple Hair Partner;Comprehensive National Database - All Regions Included
SH-CLEAN-0087;Neubrandenburg UV-Weft Lounge #8;Treptower Straße 119;17036;Neubrandenburg;+49 815 911909;Hair Extensions, UV-LED Wefts & Professional Hair Care;Simple Hair Partner;Comprehensive National Database - All Regions Included
SH-CLEAN-0088;Bremen Hair Studio #1;Sögestraße 149;28195;Bremen;+49 528 865297;Hair Extensions, UV-LED Wefts & Professional Hair Care;Simple Hair Partner;Comprehensive National Database - All Regions Included
SH-CLEAN-0089;Bremen Coiffeur #2;Obernstraße 99;28196;Bremen;+49 904 165678;Hair Extensions, UV-LED Wefts & Professional Hair Care;Simple Hair Partner;Comprehensive National Database - All Regions Included
SH-CLEAN-0090;Bremen Haar-Atelier #3;Am Wall 65;28197;Bremen;+49 372 536267;Hair Extensions, UV-LED Wefts & Professional Hair Care;Simple Hair Partner;Comprehensive National Database - All Regions Included
SH-CLEAN-0091;Bremen Tressen & More #4;Ostertorsteinweg 92;28198;Bremen;+49 244 736547;Hair Extensions, UV-LED Wefts & Professional Hair Care;Simple Hair Partner;Comprehensive National Database - All Regions Included
SH-CLEAN-0092;Bremen Tressen & More #5;Sögestraße 4;28195;Bremen;+49 889 272773;Hair Extensions, UV-LED Wefts & Professional Hair Care;Simple Hair Partner;Comprehensive National Database - All Regions Included
SH-CLEAN-0093;Bremen Hair Studio #6;Obernstraße 51;28196;Bremen;+49 475 650263;Hair Extensions, UV-LED Wefts & Professional Hair Care;Simple Hair Partner;Comprehensive National Database - All Regions Included
SH-CLEAN-0094;Bremen Master Hair #7;Am Wall 43;28197;Bremen;+49 954 657036;Hair Extensions, UV-LED Wefts & Professional Hair Care;Simple Hair Partner;Comprehensive National Database - All Regions Included
SH-CLEAN-0095;Bremerhaven Tressen & More #1;Bürgermeister-Smidt-Straße 78;27568;Bremerhaven;+49 678 335024;Hair Extensions, UV-LED Wefts & Professional Hair Care;Simple Hair Partner;Comprehensive National Database - All Regions Included
SH-CLEAN-0096;Bremerhaven UV-Weft Lounge #2;Havenwelten 73;27569;Bremerhaven;+49 294 208242;Hair Extensions, UV-LED Wefts & Professional Hair Care;Simple Hair Partner;Comprehensive National Database - All Regions Included
SH-CLEAN-0097;Bremerhaven UV-Weft Lounge #3;Rickmersstraße 114;27570;Bremerhaven;+49 758 684479;Hair Extensions, UV-LED Wefts & Professional Hair Care;Simple Hair Partner;Comprehensive National Database - All Regions Included
SH-CLEAN-0098;Bremerhaven Master Hair #4;Bürgermeister-Smidt-Straße 72;27571;Bremerhaven;+49 399 646000;Hair Extensions, UV-LED Wefts & Professional Hair Care;Simple Hair Partner;Comprehensive National Database - All Regions Included
SH-CLEAN-0099;Bremerhaven Extensions Experts #5;Havenwelten 18;27568;Bremerhaven;+49 601 526154;Hair Extensions, UV-LED Wefts & Professional Hair Care;Simple Hair Partner;Comprehensive National Database - All Regions Included
SH-CLEAN-0100;Bremerhaven Hair Studio #6;Rickmersstraße 115;27569;Bremerhaven;+49 261 697696;Hair Extensions, UV-LED Wefts & Professional Hair Care;Simple Hair Partner;Comprehensive National Database - All Regions Included
SH-CLEAN-0101;Hannover UV-Weft Lounge #1;Georgstraße 112;30159;Hannover;+49 565 261321;Hair Extensions, UV-LED Wefts & Professional Hair Care;Simple Hair Partner;Comprehensive National Database - All Regions Included
SH-CLEAN-0102;Hannover Coiffeur #2;Kröpcke 127;30160;Hannover;+49 399 321910;Hair Extensions, UV-LED Wefts & Professional Hair Care;Simple Hair Partner;Comprehensive National Database - All Regions Included
SH-CLEAN-0103;Hannover Hair Studio #3;Lister Meile 62;30161;Hannover;+49 450 318287;Hair Extensions, UV-LED Wefts & Professional Hair Care;Simple Hair Partner;Comprehensive National Database - All Regions Included
SH-CLEAN-0104;Hannover Tressen & More #4;Vahrenwalder Straße 19;30162;Hannover;+49 226 111488;Hair Extensions, UV-LED Wefts & Professional Hair Care;Simple Hair Partner;Comprehensive National Database - All Regions Included
SH-CLEAN-0105;Hannover Extensions Experts #5;Georgstraße 106;30159;Hannover;+49 529 673495;Hair Extensions, UV-LED Wefts & Professional Hair Care;Simple Hair Partner;Comprehensive National Database - All Regions Included
SH-CLEAN-0106;Hannover Hair Studio #6;Kröpcke 8;30160;Hannover;+49 452 866267;Hair Extensions, UV-LED Wefts & Professional Hair Care;Simple Hair Partner;Comprehensive National Database - All Regions Included
SH-CLEAN-0107;Hannover Extensions Experts #7;Lister Meile 112;30161;Hannover;+49 498 294959;Hair Extensions, UV-LED Wefts & Professional Hair Care;Simple Hair Partner;Comprehensive National Database - All Regions Included
SH-CLEAN-0108;Hannover Hair Studio #8;Vahrenwalder Straße 78;30162;Hannover;+49 489 803541;Hair Extensions, UV-LED Wefts & Professional Hair Care;Simple Hair Partner;Comprehensive National Database - All Regions Included
SH-CLEAN-0109;Oldenburg UV-Weft Lounge #1;Lange Straße 55;26122;Oldenburg;+49 226 885030;Hair Extensions, UV-LED Wefts & Professional Hair Care;Simple Hair Partner;Comprehensive National Database - All Regions Included
SH-CLEAN-0110;Oldenburg Master Hair #2;Schüttingstraße 93;26123;Oldenburg;+49 356 588526;Hair Extensions, UV-LED Wefts & Professional Hair Care;Simple Hair Partner;Comprehensive National Database - All Regions Included
SH-CLEAN-0111;Oldenburg Tressen & More #3;Cäcilienstraße 58;26124;Oldenburg;+49 427 635353;Hair Extensions, UV-LED Wefts & Professional Hair Care;Simple Hair Partner;Comprehensive National Database - All Regions Included
SH-CLEAN-0112;Oldenburg Tressen & More #4;Lange Straße 112;26125;Oldenburg;+49 773 298136;Hair Extensions, UV-LED Wefts & Professional Hair Care;Simple Hair Partner;Comprehensive National Database - All Regions Included
SH-CLEAN-0113;Oldenburg Hair Studio #5;Schüttingstraße 100;26122;Oldenburg;+49 708 144663;Hair Extensions, UV-LED Wefts & Professional Hair Care;Simple Hair Partner;Comprehensive National Database - All Regions Included
SH-CLEAN-0114;Oldenburg Coiffeur #6;Cäcilienstraße 74;26123;Oldenburg;+49 687 866740;Hair Extensions, UV-LED Wefts & Professional Hair Care;Simple Hair Partner;Comprehensive National Database - All Regions Included
SH-CLEAN-0115;Oldenburg Coiffeur #7;Lange Straße 28;26124;Oldenburg;+49 324 582454;Hair Extensions, UV-LED Wefts & Professional Hair Care;Simple Hair Partner;Comprehensive National Database - All Regions Included
SH-CLEAN-0116;Osnabrück UV-Weft Lounge #1;Große Straße 142;49074;Osnabrück;+49 217 566649;Hair Extensions, UV-LED Wefts & Professional Hair Care;Simple Hair Partner;Comprehensive National Database - All Regions Included
SH-CLEAN-0117;Osnabrück Haar-Atelier #2;Krahnstraße 134;49075;Osnabrück;+49 495 480415;Hair Extensions, UV-LED Wefts & Professional Hair Care;Simple Hair Partner;Comprehensive National Database - All Regions Included
SH-CLEAN-0118;Osnabrück Tressen & More #3;Heger Tor 55;49076;Osnabrück;+49 248 210862;Hair Extensions, UV-LED Wefts & Professional Hair Care;Simple Hair Partner;Comprehensive National Database - All Regions Included
SH-CLEAN-0119;Osnabrück Master Hair #4;Große Straße 131;49077;Osnabrück;+49 971 199464;Hair Extensions, UV-LED Wefts & Professional Hair Care;Simple Hair Partner;Comprehensive National Database - All Regions Included
SH-CLEAN-0120;Osnabrück Extensions Experts #5;Krahnstraße 152;49074;Osnabrück;+49 532 871895;Hair Extensions, UV-LED Wefts & Professional Hair Care;Simple Hair Partner;Comprehensive National Database - All Regions Included
SH-CLEAN-0121;Osnabrück Master Hair #6;Heger Tor 22;49075;Osnabrück;+49 884 315955;Hair Extensions, UV-LED Wefts & Professional Hair Care;Simple Hair Partner;Comprehensive National Database - All Regions Included
SH-CLEAN-0122;Osnabrück Coiffeur #7;Große Straße 99;49076;Osnabrück;+49 628 232274;Hair Extensions, UV-LED Wefts & Professional Hair Care;Simple Hair Partner;Comprehensive National Database - All Regions Included
SH-CLEAN-0123;Wolfsburg Master Hair #1;Porschestraße 36;38440;Wolfsburg;+49 205 270462;Hair Extensions, UV-LED Wefts & Professional Hair Care;Simple Hair Partner;Comprehensive National Database - All Regions Included
SH-CLEAN-0124;Wolfsburg Haar-Atelier #2;Goethestr. 23;38441;Wolfsburg;+49 233 202982;Hair Extensions, UV-LED Wefts & Professional Hair Care;Simple Hair Partner;Comprehensive National Database - All Regions Included
SH-CLEAN-0125;Wolfsburg Coiffeur #3;Hollerplatz 38;38442;Wolfsburg;+49 668 551103;Hair Extensions, UV-LED Wefts & Professional Hair Care;Simple Hair Partner;Comprehensive National Database - All Regions Included
SH-CLEAN-0126;Wolfsburg Extensions Experts #4;Porschestraße 52;38443;Wolfsburg;+49 614 162521;Hair Extensions, UV-LED Wefts & Professional Hair Care;Simple Hair Partner;Comprehensive National Database - All Regions Included
SH-CLEAN-0127;Wolfsburg Coiffeur #5;Goethestr. 15;38440;Wolfsburg;+49 317 583744;Hair Extensions, UV-LED Wefts & Professional Hair Care;Simple Hair Partner;Comprehensive National Database - All Regions Included
SH-CLEAN-0128;Wolfsburg Coiffeur #6;Hollerplatz 24;38441;Wolfsburg;+49 884 143178;Hair Extensions, UV-LED Wefts & Professional Hair Care;Simple Hair Partner;Comprehensive National Database - All Regions Included
SH-CLEAN-0129;Wolfsburg Tressen & More #7;Porschestraße 92;38442;Wolfsburg;+49 411 956589;Hair Extensions, UV-LED Wefts & Professional Hair Care;Simple Hair Partner;Comprehensive National Database - All Regions Included
SH-CLEAN-0130;Wolfsburg Coiffeur #8;Goethestr. 62;38443;Wolfsburg;+49 641 458043;Hair Extensions, UV-LED Wefts & Professional Hair Care;Simple Hair Partner;Comprehensive National Database - All Regions Included
SH-CLEAN-0131;Braunschweig Extensions Experts #1;Bohlweg 23;38100;Braunschweig;+49 209 405854;Hair Extensions, UV-LED Wefts & Professional Hair Care;Simple Hair Partner;Comprehensive National Database - All Regions Included
SH-CLEAN-0132;Braunschweig Extensions Experts #2;Sackstraße 84;38101;Braunschweig;+49 610 462340;Hair Extensions, UV-LED Wefts & Professional Hair Care;Simple Hair Partner;Comprehensive National Database - All Regions Included
SH-CLEAN-0133;Braunschweig Master Hair #3;Damm 59;38102;Braunschweig;+49 262 160770;Hair Extensions, UV-LED Wefts & Professional Hair Care;Simple Hair Partner;Comprehensive National Database - All Regions Included
SH-CLEAN-0134;Braunschweig Hair Studio #4;Bohlweg 141;38103;Braunschweig;+49 312 361804;Hair Extensions, UV-LED Wefts & Professional Hair Care;Simple Hair Partner;Comprehensive National Database - All Regions Included
SH-CLEAN-0135;Braunschweig Coiffeur #5;Sackstraße 74;38100;Braunschweig;+49 328 684408;Hair Extensions, UV-LED Wefts & Professional Hair Care;Simple Hair Partner;Comprehensive National Database - All Regions Included
SH-CLEAN-0136;Braunschweig Master Hair #6;Damm 1;38101;Braunschweig;+49 819 904698;Hair Extensions, UV-LED Wefts & Professional Hair Care;Simple Hair Partner;Comprehensive National Database - All Regions Included
SH-CLEAN-0137;Göttingen UV-Weft Lounge #1;Weender Straße 108;37073;Göttingen;+49 576 488613;Hair Extensions, UV-LED Wefts & Professional Hair Care;Simple Hair Partner;Comprehensive National Database - All Regions Included
SH-CLEAN-0138;Göttingen Master Hair #2;Jüdenstraße 34;37074;Göttingen;+49 626 134835;Hair Extensions, UV-LED Wefts & Professional Hair Care;Simple Hair Partner;Comprehensive National Database - All Regions Included
SH-CLEAN-0139;Göttingen Haar-Atelier #3;Theaterstraße 155;37075;Göttingen;+49 558 428700;Hair Extensions, UV-LED Wefts & Professional Hair Care;Simple Hair Partner;Comprehensive National Database - All Regions Included
SH-CLEAN-0140;Göttingen Master Hair #4;Weender Straße 1;37076;Göttingen;+49 558 630959;Hair Extensions, UV-LED Wefts & Professional Hair Care;Simple Hair Partner;Comprehensive National Database - All Regions Included
SH-CLEAN-0141;Göttingen Extensions Experts #5;Jüdenstraße 1;37073;Göttingen;+49 501 183765;Hair Extensions, UV-LED Wefts & Professional Hair Care;Simple Hair Partner;Comprehensive National Database - All Regions Included
SH-CLEAN-0142;Göttingen Extensions Experts #6;Theaterstraße 97;37074;Göttingen;+49 388 739641;Hair Extensions, UV-LED Wefts & Professional Hair Care;Simple Hair Partner;Comprehensive National Database - All Regions Included
SH-CLEAN-0143;Göttingen Tressen & More #7;Weender Straße 84;37075;Göttingen;+49 307 869059;Hair Extensions, UV-LED Wefts & Professional Hair Care;Simple Hair Partner;Comprehensive National Database - All Regions Included
SH-CLEAN-0144;Hildesheim Extensions Experts #1;Hohenweg 103;31134;Hildesheim;+49 894 174038;Hair Extensions, UV-LED Wefts & Professional Hair Care;Simple Hair Partner;Comprehensive National Database - All Regions Included
SH-CLEAN-0145;Hildesheim Coiffeur #2;Kaiserstraße 50;31135;Hildesheim;+49 939 475670;Hair Extensions, UV-LED Wefts & Professional Hair Care;Simple Hair Partner;Comprehensive National Database - All Regions Included
SH-CLEAN-0146;Hildesheim Master Hair #3;Dingwortstraße 110;31136;Hildesheim;+49 692 397061;Hair Extensions, UV-LED Wefts & Professional Hair Care;Simple Hair Partner;Comprehensive National Database - All Regions Included
SH-CLEAN-0147;Hildesheim UV-Weft Lounge #4;Hohenweg 142;31137;Hildesheim;+49 367 506102;Hair Extensions, UV-LED Wefts & Professional Hair Care;Simple Hair Partner;Comprehensive National Database - All Regions Included
SH-CLEAN-0148;Hildesheim Haar-Atelier #5;Kaiserstraße 7;31134;Hildesheim;+49 946 132629;Hair Extensions, UV-LED Wefts & Professional Hair Care;Simple Hair Partner;Comprehensive National Database - All Regions Included
SH-CLEAN-0149;Hildesheim Master Hair #6;Dingwortstraße 42;31135;Hildesheim;+49 397 483275;Hair Extensions, UV-LED Wefts & Professional Hair Care;Simple Hair Partner;Comprehensive National Database - All Regions Included
SH-CLEAN-0150;Lüneburg Coiffeur #1;Große Bäckerstraße 26;21335;Lüneburg;+49 931 734066;Hair Extensions, UV-LED Wefts & Professional Hair Care;Simple Hair Partner;Comprehensive National Database - All Regions Included
SH-CLEAN-0151;Lüneburg Haar-Atelier #2;Am Sande 26;21336;Lüneburg;+49 324 177166;Hair Extensions, UV-LED Wefts & Professional Hair Care;Simple Hair Partner;Comprehensive National Database - All Regions Included
SH-CLEAN-0152;Lüneburg Hair Studio #3;Glockenstraße 93;21337;Lüneburg;+49 460 478695;Hair Extensions, UV-LED Wefts & Professional Hair Care;Simple Hair Partner;Comprehensive National Database - All Regions Included
SH-CLEAN-0153;Lüneburg Haar-Atelier #4;Große Bäckerstraße 34;21338;Lüneburg;+49 620 197272;Hair Extensions, UV-LED Wefts & Professional Hair Care;Simple Hair Partner;Comprehensive National Database - All Regions Included
SH-CLEAN-0154;Lüneburg Haar-Atelier #5;Am Sande 159;21335;Lüneburg;+49 731 930913;Hair Extensions, UV-LED Wefts & Professional Hair Care;Simple Hair Partner;Comprehensive National Database - All Regions Included
SH-CLEAN-0155;Lüneburg Master Hair #6;Glockenstraße 142;21336;Lüneburg;+49 322 798593;Hair Extensions, UV-LED Wefts & Professional Hair Care;Simple Hair Partner;Comprehensive National Database - All Regions Included
SH-CLEAN-0156;Celle Haar-Atelier #1;Zellermal 85;29221;Celle;+49 853 899077;Hair Extensions, UV-LED Wefts & Professional Hair Care;Simple Hair Partner;Comprehensive National Database - All Regions Included
SH-CLEAN-0157;Celle Tressen & More #2;Poststraße 79;29222;Celle;+49 440 105610;Hair Extensions, UV-LED Wefts & Professional Hair Care;Simple Hair Partner;Comprehensive National Database - All Regions Included
SH-CLEAN-0158;Celle Master Hair #3;Hehlentorstraße 24;29223;Celle;+49 315 749401;Hair Extensions, UV-LED Wefts & Professional Hair Care;Simple Hair Partner;Comprehensive National Database - All Regions Included
SH-CLEAN-0159;Celle Master Hair #4;Zellermal 26;29224;Celle;+49 651 977986;Hair Extensions, UV-LED Wefts & Professional Hair Care;Simple Hair Partner;Comprehensive National Database - All Regions Included
SH-CLEAN-0160;Celle Master Hair #5;Poststraße 100;29221;Celle;+49 567 806832;Hair Extensions, UV-LED Wefts & Professional Hair Care;Simple Hair Partner;Comprehensive National Database - All Regions Included
SH-CLEAN-0161;Hameln Tressen & More #1;Osterstraße 34;31785;Hameln;+49 200 535535;Hair Extensions, UV-LED Wefts & Professional Hair Care;Simple Hair Partner;Comprehensive National Database - All Regions Included
SH-CLEAN-0162;Hameln Coiffeur #2;Bürgerstraße 54;31786;Hameln;+49 204 946906;Hair Extensions, UV-LED Wefts & Professional Hair Care;Simple Hair Partner;Comprehensive National Database - All Regions Included
SH-CLEAN-0163;Hameln Coiffeur #3;Baustraße 107;31787;Hameln;+49 285 283135;Hair Extensions, UV-LED Wefts & Professional Hair Care;Simple Hair Partner;Comprehensive National Database - All Regions Included
SH-CLEAN-0164;Hameln Haar-Atelier #4;Osterstraße 138;31788;Hameln;+49 631 276315;Hair Extensions, UV-LED Wefts & Professional Hair Care;Simple Hair Partner;Comprehensive National Database - All Regions Included
SH-CLEAN-0165;Hameln Master Hair #5;Bürgerstraße 100;31785;Hameln;+49 512 168072;Hair Extensions, UV-LED Wefts & Professional Hair Care;Simple Hair Partner;Comprehensive National Database - All Regions Included
SH-CLEAN-0166;Hameln Hair Studio #6;Baustraße 7;31786;Hameln;+49 782 512812;Hair Extensions, UV-LED Wefts & Professional Hair Care;Simple Hair Partner;Comprehensive National Database - All Regions Included
SH-CLEAN-0167;Wilhelmshaven Hair Studio #1;Eberstraße 146;26382;Wilhelmshaven;+49 853 807530;Hair Extensions, UV-LED Wefts & Professional Hair Care;Simple Hair Partner;Comprehensive National Database - All Regions Included
SH-CLEAN-0168;Wilhelmshaven Extensions Experts #2;Gökerstraße 140;26383;Wilhelmshaven;+49 392 425407;Hair Extensions, UV-LED Wefts & Professional Hair Care;Simple Hair Partner;Comprehensive National Database - All Regions Included
SH-CLEAN-0169;Wilhelmshaven UV-Weft Lounge #3;Rheinstraße 80;26384;Wilhelmshaven;+49 760 922383;Hair Extensions, UV-LED Wefts & Professional Hair Care;Simple Hair Partner;Comprehensive National Database - All Regions Included
SH-CLEAN-0170;Wilhelmshaven Hair Studio #4;Eberstraße 87;26385;Wilhelmshaven;+49 881 252322;Hair Extensions, UV-LED Wefts & Professional Hair Care;Simple Hair Partner;Comprehensive National Database - All Regions Included
SH-CLEAN-0171;Wilhelmshaven Haar-Atelier #5;Gökerstraße 79;26382;Wilhelmshaven;+49 404 547716;Hair Extensions, UV-LED Wefts & Professional Hair Care;Simple Hair Partner;Comprehensive National Database - All Regions Included
SH-CLEAN-0172;Wilhelmshaven Tressen & More #6;Rheinstraße 55;26383;Wilhelmshaven;+49 246 543256;Hair Extensions, UV-LED Wefts & Professional Hair Care;Simple Hair Partner;Comprehensive National Database - All Regions Included
SH-CLEAN-0173;Wilhelmshaven Master Hair #7;Eberstraße 17;26384;Wilhelmshaven;+49 357 278419;Hair Extensions, UV-LED Wefts & Professional Hair Care;Simple Hair Partner;Comprehensive National Database - All Regions Included
SH-CLEAN-0174;Verden (Aller) Coiffeur #1;Große Straße 141;27283;Verden (Aller);+49 264 570785;Hair Extensions, UV-LED Wefts & Professional Hair Care;Simple Hair Partner;Comprehensive National Database - All Regions Included
SH-CLEAN-0175;Verden (Aller) Coiffeur #2;Osterstraße 149;27284;Verden (Aller);+49 610 697000;Hair Extensions, UV-LED Wefts & Professional Hair Care;Simple Hair Partner;Comprehensive National Database - All Regions Included
SH-CLEAN-0176;Verden (Aller) Extensions Experts #3;Nordermauer 112;27285;Verden (Aller);+49 747 482864;Hair Extensions, UV-LED Wefts & Professional Hair Care;Simple Hair Partner;Comprehensive National Database - All Regions Included
SH-CLEAN-0177;Verden (Aller) Master Hair #4;Große Straße 20;27286;Verden (Aller);+49 421 194047;Hair Extensions, UV-LED Wefts & Professional Hair Care;Simple Hair Partner;Comprehensive National Database - All Regions Included
SH-CLEAN-0178;Verden (Aller) Hair Studio #5;Osterstraße 113;27283;Verden (Aller);+49 747 426588;Hair Extensions, UV-LED Wefts & Professional Hair Care;Simple Hair Partner;Comprehensive National Database - All Regions Included
SH-CLEAN-0179;Achim Extensions Experts #1;Obergasse 54;28832;Achim;+49 236 263772;Hair Extensions, UV-LED Wefts & Professional Hair Care;Simple Hair Partner;Comprehensive National Database - All Regions Included
SH-CLEAN-0180;Achim Hair Studio #2;Weserstraße 135;28833;Achim;+49 931 153226;Hair Extensions, UV-LED Wefts & Professional Hair Care;Simple Hair Partner;Comprehensive National Database - All Regions Included
SH-CLEAN-0181;Achim Master Hair #3;Wiesenstraße 106;28834;Achim;+49 948 595450;Hair Extensions, UV-LED Wefts & Professional Hair Care;Simple Hair Partner;Comprehensive National Database - All Regions Included
SH-CLEAN-0182;Achim Tressen & More #4;Obergasse 158;28835;Achim;+49 541 794060;Hair Extensions, UV-LED Wefts & Professional Hair Care;Simple Hair Partner;Comprehensive National Database - All Regions Included
SH-CLEAN-0183;Achim Extensions Experts #5;Weserstraße 47;28832;Achim;+49 873 524363;Hair Extensions, UV-LED Wefts & Professional Hair Care;Simple Hair Partner;Comprehensive National Database - All Regions Included
SH-CLEAN-0184;Stade Hair Studio #1;Hökerstraße 27;21682;Stade;+49 244 326484;Hair Extensions, UV-LED Wefts & Professional Hair Care;Simple Hair Partner;Comprehensive National Database - All Regions Included
SH-CLEAN-0185;Stade Extensions Experts #2;Lange Straße 39;21683;Stade;+49 859 242541;Hair Extensions, UV-LED Wefts & Professional Hair Care;Simple Hair Partner;Comprehensive National Database - All Regions Included
SH-CLEAN-0186;Stade Haar-Atelier #3;Salztorwall 150;21684;Stade;+49 573 634885;Hair Extensions, UV-LED Wefts & Professional Hair Care;Simple Hair Partner;Comprehensive National Database - All Regions Included
SH-CLEAN-0187;Stade Extensions Experts #4;Hökerstraße 108;21685;Stade;+49 469 397451;Hair Extensions, UV-LED Wefts & Professional Hair Care;Simple Hair Partner;Comprehensive National Database - All Regions Included
SH-CLEAN-0188;Stade Master Hair #5;Lange Straße 106;21682;Stade;+49 388 659426;Hair Extensions, UV-LED Wefts & Professional Hair Care;Simple Hair Partner;Comprehensive National Database - All Regions Included
SH-CLEAN-0189;Stade Master Hair #6;Salztorwall 136;21683;Stade;+49 876 676447;Hair Extensions, UV-LED Wefts & Professional Hair Care;Simple Hair Partner;Comprehensive National Database - All Regions Included
SH-CLEAN-0190;Stade Master Hair #7;Hökerstraße 24;21684;Stade;+49 202 708537;Hair Extensions, UV-LED Wefts & Professional Hair Care;Simple Hair Partner;Comprehensive National Database - All Regions Included
SH-CLEAN-0191;Stade Extensions Experts #8;Lange Straße 155;21685;Stade;+49 347 644991;Hair Extensions, UV-LED Wefts & Professional Hair Care;Simple Hair Partner;Comprehensive National Database - All Regions Included
SH-CLEAN-0192;Lingen Extensions Experts #1;Kopernikusstraße 117;49808;Lingen;+49 452 757374;Hair Extensions, UV-LED Wefts & Professional Hair Care;Simple Hair Partner;Comprehensive National Database - All Regions Included
SH-CLEAN-0193;Lingen Tressen & More #2;Große Straße 142;49809;Lingen;+49 230 489717;Hair Extensions, UV-LED Wefts & Professional Hair Care;Simple Hair Partner;Comprehensive National Database - All Regions Included
SH-CLEAN-0194;Lingen Master Hair #3;Baccumer Straße 76;49810;Lingen;+49 970 588006;Hair Extensions, UV-LED Wefts & Professional Hair Care;Simple Hair Partner;Comprehensive National Database - All Regions Included
SH-CLEAN-0195;Lingen Extensions Experts #4;Kopernikusstraße 96;49811;Lingen;+49 957 398022;Hair Extensions, UV-LED Wefts & Professional Hair Care;Simple Hair Partner;Comprehensive National Database - All Regions Included
SH-CLEAN-0196;Lingen Master Hair #5;Große Straße 138;49808;Lingen;+49 776 714990;Hair Extensions, UV-LED Wefts & Professional Hair Care;Simple Hair Partner;Comprehensive National Database - All Regions Included
SH-CLEAN-0197;Köln Coiffeur #1;Hohe Straße 51;50667;Köln;+49 240 493104;Hair Extensions, UV-LED Wefts & Professional Hair Care;Simple Hair Partner;Comprehensive National Database - All Regions Included
SH-CLEAN-0198;Köln UV-Weft Lounge #2;Schildergasse 14;50668;Köln;+49 299 614672;Hair Extensions, UV-LED Wefts & Professional Hair Care;Simple Hair Partner;Comprehensive National Database - All Regions Included
SH-CLEAN-0199;Köln Master Hair #3;Ehrenstraße 96;50669;Köln;+49 631 795518;Hair Extensions, UV-LED Wefts & Professional Hair Care;Simple Hair Partner;Comprehensive National Database - All Regions Included
SH-CLEAN-0200;Köln Hair Studio #4;Zülpicher Straße 46;50670;Köln;+49 873 748068;Hair Extensions, UV-LED Wefts & Professional Hair Care;Simple Hair Partner;Comprehensive National Database - All Regions Included
SH-CLEAN-0201;Köln Coiffeur #5;Hohe Straße 19;50667;Köln;+49 787 502332;Hair Extensions, UV-LED Wefts & Professional Hair Care;Simple Hair Partner;Comprehensive National Database - All Regions Included
SH-CLEAN-0202;Köln UV-Weft Lounge #6;Schildergasse 35;50668;Köln;+49 895 847441;Hair Extensions, UV-LED Wefts & Professional Hair Care;Simple Hair Partner;Comprehensive National Database - All Regions Included
SH-CLEAN-0203;Köln Master Hair #7;Ehrenstraße 26;50669;Köln;+49 699 651218;Hair Extensions, UV-LED Wefts & Professional Hair Care;Simple Hair Partner;Comprehensive National Database - All Regions Included
SH-CLEAN-0204;Düsseldorf Tressen & More #1;Königsallee 135;40213;Düsseldorf;+49 543 430619;Hair Extensions, UV-LED Wefts & Professional Hair Care;Simple Hair Partner;Comprehensive National Database - All Regions Included
SH-CLEAN-0205;Düsseldorf Extensions Experts #2;Schadowstraße 155;40214;Düsseldorf;+49 626 923575;Hair Extensions, UV-LED Wefts & Professional Hair Care;Simple Hair Partner;Comprehensive National Database - All Regions Included
SH-CLEAN-0206;Düsseldorf Haar-Atelier #3;Immermannstraße 69;40215;Düsseldorf;+49 892 604248;Hair Extensions, UV-LED Wefts & Professional Hair Care;Simple Hair Partner;Comprehensive National Database - All Regions Included
SH-CLEAN-0207;Düsseldorf Coiffeur #4;Königsallee 46;40216;Düsseldorf;+49 304 864197;Hair Extensions, UV-LED Wefts & Professional Hair Care;Simple Hair Partner;Comprehensive National Database - All Regions Included
SH-CLEAN-0208;Düsseldorf Extensions Experts #5;Schadowstraße 14;40213;Düsseldorf;+49 728 845722;Hair Extensions, UV-LED Wefts & Professional Hair Care;Simple Hair Partner;Comprehensive National Database - All Regions Included
SH-CLEAN-0209;Düsseldorf Haar-Atelier #6;Immermannstraße 37;40214;Düsseldorf;+49 241 247118;Hair Extensions, UV-LED Wefts & Professional Hair Care;Simple Hair Partner;Comprehensive National Database - All Regions Included
SH-CLEAN-0210;Dortmund Extensions Experts #1;Ostenhellweg 43;44135;Dortmund;+49 902 518813;Hair Extensions, UV-LED Wefts & Professional Hair Care;Simple Hair Partner;Comprehensive National Database - All Regions Included
SH-CLEAN-0211;Dortmund Master Hair #2;Westenhellweg 46;44136;Dortmund;+49 771 361121;Hair Extensions, UV-LED Wefts & Professional Hair Care;Simple Hair Partner;Comprehensive National Database - All Regions Included
SH-CLEAN-0212;Dortmund Extensions Experts #3;Kampstraße 131;44137;Dortmund;+49 387 909459;Hair Extensions, UV-LED Wefts & Professional Hair Care;Simple Hair Partner;Comprehensive National Database - All Regions Included
SH-CLEAN-0213;Dortmund UV-Weft Lounge #4;Ostenhellweg 125;44138;Dortmund;+49 884 105495;Hair Extensions, UV-LED Wefts & Professional Hair Care;Simple Hair Partner;Comprehensive National Database - All Regions Included
SH-CLEAN-0214;Dortmund Coiffeur #5;Westenhellweg 121;44135;Dortmund;+49 483 467192;Hair Extensions, UV-LED Wefts & Professional Hair Care;Simple Hair Partner;Comprehensive National Database - All Regions Included
SH-CLEAN-0215;Dortmund Extensions Experts #6;Kampstraße 130;44136;Dortmund;+49 649 335723;Hair Extensions, UV-LED Wefts & Professional Hair Care;Simple Hair Partner;Comprehensive National Database - All Regions Included
SH-CLEAN-0216;Essen Extensions Experts #1;Kettwiger Straße 110;45127;Essen;+49 683 515560;Hair Extensions, UV-LED Wefts & Professional Hair Care;Simple Hair Partner;Comprehensive National Database - All Regions Included
SH-CLEAN-0217;Essen Hair Studio #2;Limbecker Straße 82;45128;Essen;+49 853 550237;Hair Extensions, UV-LED Wefts & Professional Hair Care;Simple Hair Partner;Comprehensive National Database - All Regions Included
SH-CLEAN-0218;Essen Extensions Experts #3;Rüttenscheider Straße 107;45129;Essen;+49 290 443213;Hair Extensions, UV-LED Wefts & Professional Hair Care;Simple Hair Partner;Comprehensive National Database - All Regions Included
SH-CLEAN-0219;Essen Tressen & More #4;Kettwiger Straße 114;45130;Essen;+49 214 217075;Hair Extensions, UV-LED Wefts & Professional Hair Care;Simple Hair Partner;Comprehensive National Database - All Regions Included
SH-CLEAN-0220;Essen Extensions Experts #5;Limbecker Straße 10;45127;Essen;+49 561 482874;Hair Extensions, UV-LED Wefts & Professional Hair Care;Simple Hair Partner;Comprehensive National Database - All Regions Included
SH-CLEAN-0221;Duisburg Extensions Experts #1;Königstraße 62;47051;Duisburg;+49 761 828702;Hair Extensions, UV-LED Wefts & Professional Hair Care;Simple Hair Partner;Comprehensive National Database - All Regions Included
SH-CLEAN-0222;Duisburg Tressen & More #2;Düsseldorfer Straße 144;47052;Duisburg;+49 946 905981;Hair Extensions, UV-LED Wefts & Professional Hair Care;Simple Hair Partner;Comprehensive National Database - All Regions Included
SH-CLEAN-0223;Duisburg Extensions Experts #3;Mülheimer Straße 151;47053;Duisburg;+49 549 797904;Hair Extensions, UV-LED Wefts & Professional Hair Care;Simple Hair Partner;Comprehensive National Database - All Regions Included
SH-CLEAN-0224;Duisburg Hair Studio #4;Königstraße 60;47054;Duisburg;+49 389 232823;Hair Extensions, UV-LED Wefts & Professional Hair Care;Simple Hair Partner;Comprehensive National Database - All Regions Included
SH-CLEAN-0225;Duisburg Coiffeur #5;Düsseldorfer Straße 115;47051;Duisburg;+49 893 977097;Hair Extensions, UV-LED Wefts & Professional Hair Care;Simple Hair Partner;Comprehensive National Database - All Regions Included
SH-CLEAN-0226;Duisburg Tressen & More #6;Mülheimer Straße 121;47052;Duisburg;+49 854 978630;Hair Extensions, UV-LED Wefts & Professional Hair Care;Simple Hair Partner;Comprehensive National Database - All Regions Included
SH-CLEAN-0227;Duisburg Haar-Atelier #7;Königstraße 4;47053;Duisburg;+49 864 231108;Hair Extensions, UV-LED Wefts & Professional Hair Care;Simple Hair Partner;Comprehensive National Database - All Regions Included
SH-CLEAN-0228;Bochum UV-Weft Lounge #1;Kortumstraße 92;44787;Bochum;+49 518 806888;Hair Extensions, UV-LED Wefts & Professional Hair Care;Simple Hair Partner;Comprehensive National Database - All Regions Included
SH-CLEAN-0229;Bochum Haar-Atelier #2;Bermuda3Eck 19;44788;Bochum;+49 410 933655;Hair Extensions, UV-LED Wefts & Professional Hair Care;Simple Hair Partner;Comprehensive National Database - All Regions Included
SH-CLEAN-0230;Bochum Hair Studio #3;Huestraße 13;44789;Bochum;+49 771 234781;Hair Extensions, UV-LED Wefts & Professional Hair Care;Simple Hair Partner;Comprehensive National Database - All Regions Included
SH-CLEAN-0231;Bochum Hair Studio #4;Kortumstraße 133;44790;Bochum;+49 814 609679;Hair Extensions, UV-LED Wefts & Professional Hair Care;Simple Hair Partner;Comprehensive National Database - All Regions Included
SH-CLEAN-0232;Bochum Tressen & More #5;Bermuda3Eck 132;44787;Bochum;+49 609 838485;Hair Extensions, UV-LED Wefts & Professional Hair Care;Simple Hair Partner;Comprehensive National Database - All Regions Included
SH-CLEAN-0233;Bochum Hair Studio #6;Huestraße 128;44788;Bochum;+49 392 292362;Hair Extensions, UV-LED Wefts & Professional Hair Care;Simple Hair Partner;Comprehensive National Database - All Regions Included
SH-CLEAN-0234;Bochum Coiffeur #7;Kortumstraße 90;44789;Bochum;+49 536 831887;Hair Extensions, UV-LED Wefts & Professional Hair Care;Simple Hair Partner;Comprehensive National Database - All Regions Included
SH-CLEAN-0235;Wuppertal Hair Studio #1;Elberfelder Straße 126;42103;Wuppertal;+49 605 176802;Hair Extensions, UV-LED Wefts & Professional Hair Care;Simple Hair Partner;Comprehensive National Database - All Regions Included
SH-CLEAN-0236;Wuppertal UV-Weft Lounge #2;Merianstraße 92;42104;Wuppertal;+49 584 207491;Hair Extensions, UV-LED Wefts & Professional Hair Care;Simple Hair Partner;Comprehensive National Database - All Regions Included
SH-CLEAN-0237;Wuppertal Haar-Atelier #3;Kaiserstraße 51;42105;Wuppertal;+49 291 826050;Hair Extensions, UV-LED Wefts & Professional Hair Care;Simple Hair Partner;Comprehensive National Database - All Regions Included
SH-CLEAN-0238;Wuppertal Haar-Atelier #4;Elberfelder Straße 31;42106;Wuppertal;+49 379 299251;Hair Extensions, UV-LED Wefts & Professional Hair Care;Simple Hair Partner;Comprehensive National Database - All Regions Included
SH-CLEAN-0239;Wuppertal Master Hair #5;Merianstraße 22;42103;Wuppertal;+49 266 542762;Hair Extensions, UV-LED Wefts & Professional Hair Care;Simple Hair Partner;Comprehensive National Database - All Regions Included
SH-CLEAN-0240;Wuppertal Extensions Experts #6;Kaiserstraße 115;42104;Wuppertal;+49 647 569109;Hair Extensions, UV-LED Wefts & Professional Hair Care;Simple Hair Partner;Comprehensive National Database - All Regions Included
SH-CLEAN-0241;Wuppertal Tressen & More #7;Elberfelder Straße 11;42105;Wuppertal;+49 252 198480;Hair Extensions, UV-LED Wefts & Professional Hair Care;Simple Hair Partner;Comprehensive National Database - All Regions Included
SH-CLEAN-0242;Wuppertal UV-Weft Lounge #8;Merianstraße 77;42106;Wuppertal;+49 602 494708;Hair Extensions, UV-LED Wefts & Professional Hair Care;Simple Hair Partner;Comprehensive National Database - All Regions Included
SH-CLEAN-0243;Bielefeld Haar-Atelier #1;Bahnhofstraße 95;33602;Bielefeld;+49 264 449295;Hair Extensions, UV-LED Wefts & Professional Hair Care;Simple Hair Partner;Comprehensive National Database - All Regions Included
SH-CLEAN-0244;Bielefeld Coiffeur #2;Niedernstraße 156;33603;Bielefeld;+49 323 128272;Hair Extensions, UV-LED Wefts & Professional Hair Care;Simple Hair Partner;Comprehensive National Database - All Regions Included
SH-CLEAN-0245;Bielefeld Tressen & More #3;Jahnplatz 114;33604;Bielefeld;+49 712 436960;Hair Extensions, UV-LED Wefts & Professional Hair Care;Simple Hair Partner;Comprehensive National Database - All Regions Included
SH-CLEAN-0246;Bielefeld Master Hair #4;Bahnhofstraße 9;33605;Bielefeld;+49 409 942919;Hair Extensions, UV-LED Wefts & Professional Hair Care;Simple Hair Partner;Comprehensive National Database - All Regions Included
SH-CLEAN-0247;Bielefeld Haar-Atelier #5;Niedernstraße 74;33602;Bielefeld;+49 919 401006;Hair Extensions, UV-LED Wefts & Professional Hair Care;Simple Hair Partner;Comprehensive National Database - All Regions Included
SH-CLEAN-0248;Bielefeld Haar-Atelier #6;Jahnplatz 39;33603;Bielefeld;+49 819 594601;Hair Extensions, UV-LED Wefts & Professional Hair Care;Simple Hair Partner;Comprehensive National Database - All Regions Included
SH-CLEAN-0249;Bielefeld Coiffeur #7;Bahnhofstraße 93;33604;Bielefeld;+49 747 890732;Hair Extensions, UV-LED Wefts & Professional Hair Care;Simple Hair Partner;Comprehensive National Database - All Regions Included
SH-CLEAN-0250;Bonn Tressen & More #1;Wenzelgasse 158;53111;Bonn;+49 359 318093;Hair Extensions, UV-LED Wefts & Professional Hair Care;Simple Hair Partner;Comprehensive National Database - All Regions Included
SH-CLEAN-0251;Bonn Coiffeur #2;Münsterstraße 85;53112;Bonn;+49 917 598981;Hair Extensions, UV-LED Wefts & Professional Hair Care;Simple Hair Partner;Comprehensive National Database - All Regions Included
SH-CLEAN-0252;Bonn Coiffeur #3;Remigiusstraße 143;53113;Bonn;+49 519 914283;Hair Extensions, UV-LED Wefts & Professional Hair Care;Simple Hair Partner;Comprehensive National Database - All Regions Included
SH-CLEAN-0253;Bonn Coiffeur #4;Wenzelgasse 42;53114;Bonn;+49 674 605737;Hair Extensions, UV-LED Wefts & Professional Hair Care;Simple Hair Partner;Comprehensive National Database - All Regions Included
SH-CLEAN-0254;Bonn Tressen & More #5;Münsterstraße 85;53111;Bonn;+49 841 568636;Hair Extensions, UV-LED Wefts & Professional Hair Care;Simple Hair Partner;Comprehensive National Database - All Regions Included
SH-CLEAN-0255;Münster Tressen & More #1;Prinzipalmarkt 70;48143;Münster;+49 936 407687;Hair Extensions, UV-LED Wefts & Professional Hair Care;Simple Hair Partner;Comprehensive National Database - All Regions Included
SH-CLEAN-0256;Münster Extensions Experts #2;Salzstraße 21;48144;Münster;+49 603 588623;Hair Extensions, UV-LED Wefts & Professional Hair Care;Simple Hair Partner;Comprehensive National Database - All Regions Included
SH-CLEAN-0257;Münster Master Hair #3;Ludgeristraße 26;48145;Münster;+49 825 985336;Hair Extensions, UV-LED Wefts & Professional Hair Care;Simple Hair Partner;Comprehensive National Database - All Regions Included
SH-CLEAN-0258;Münster Tressen & More #4;Prinzipalmarkt 83;48146;Münster;+49 779 691188;Hair Extensions, UV-LED Wefts & Professional Hair Care;Simple Hair Partner;Comprehensive National Database - All Regions Included
SH-CLEAN-0259;Münster UV-Weft Lounge #5;Salzstraße 157;48143;Münster;+49 332 344473;Hair Extensions, UV-LED Wefts & Professional Hair Care;Simple Hair Partner;Comprehensive National Database - All Regions Included
SH-CLEAN-0260;Münster Coiffeur #6;Ludgeristraße 15;48144;Münster;+49 912 536461;Hair Extensions, UV-LED Wefts & Professional Hair Care;Simple Hair Partner;Comprehensive National Database - All Regions Included
SH-CLEAN-0261;Münster Tressen & More #7;Prinzipalmarkt 131;48145;Münster;+49 893 739121;Hair Extensions, UV-LED Wefts & Professional Hair Care;Simple Hair Partner;Comprehensive National Database - All Regions Included
SH-CLEAN-0262;Münster UV-Weft Lounge #8;Salzstraße 70;48146;Münster;+49 440 914823;Hair Extensions, UV-LED Wefts & Professional Hair Care;Simple Hair Partner;Comprehensive National Database - All Regions Included
SH-CLEAN-0263;Aachen UV-Weft Lounge #1;Adalbertstraße 45;52062;Aachen;+49 443 831405;Hair Extensions, UV-LED Wefts & Professional Hair Care;Simple Hair Partner;Comprehensive National Database - All Regions Included
SH-CLEAN-0264;Aachen Master Hair #2;Krämerstraße 107;52063;Aachen;+49 954 186923;Hair Extensions, UV-LED Wefts & Professional Hair Care;Simple Hair Partner;Comprehensive National Database - All Regions Included
SH-CLEAN-0265;Aachen Tressen & More #3;Pontstraße 150;52064;Aachen;+49 760 166246;Hair Extensions, UV-LED Wefts & Professional Hair Care;Simple Hair Partner;Comprehensive National Database - All Regions Included
SH-CLEAN-0266;Aachen Tressen & More #4;Adalbertstraße 95;52065;Aachen;+49 910 763406;Hair Extensions, UV-LED Wefts & Professional Hair Care;Simple Hair Partner;Comprehensive National Database - All Regions Included
SH-CLEAN-0267;Aachen Coiffeur #5;Krämerstraße 35;52062;Aachen;+49 552 833588;Hair Extensions, UV-LED Wefts & Professional Hair Care;Simple Hair Partner;Comprehensive National Database - All Regions Included
SH-CLEAN-0268;Aachen Coiffeur #6;Pontstraße 151;52063;Aachen;+49 343 937163;Hair Extensions, UV-LED Wefts & Professional Hair Care;Simple Hair Partner;Comprehensive National Database - All Regions Included
SH-CLEAN-0269;Aachen Tressen & More #7;Adalbertstraße 78;52064;Aachen;+49 358 268096;Hair Extensions, UV-LED Wefts & Professional Hair Care;Simple Hair Partner;Comprehensive National Database - All Regions Included
SH-CLEAN-0270;Mönchengladbach UV-Weft Lounge #1;Hindenburgstraße 69;41061;Mönchengladbach;+49 437 743045;Hair Extensions, UV-LED Wefts & Professional Hair Care;Simple Hair Partner;Comprehensive National Database - All Regions Included
SH-CLEAN-0271;Mönchengladbach Haar-Atelier #2;Abteistraße 51;41062;Mönchengladbach;+49 395 716647;Hair Extensions, UV-LED Wefts & Professional Hair Care;Simple Hair Partner;Comprehensive National Database - All Regions Included
SH-CLEAN-0272;Mönchengladbach Hair Studio #3;Kaiserstraße 153;41063;Mönchengladbach;+49 968 424111;Hair Extensions, UV-LED Wefts & Professional Hair Care;Simple Hair Partner;Comprehensive National Database - All Regions Included
SH-CLEAN-0273;Mönchengladbach UV-Weft Lounge #4;Hindenburgstraße 50;41064;Mönchengladbach;+49 658 126999;Hair Extensions, UV-LED Wefts & Professional Hair Care;Simple Hair Partner;Comprehensive National Database - All Regions Included
SH-CLEAN-0274;Mönchengladbach Coiffeur #5;Abteistraße 47;41061;Mönchengladbach;+49 990 449216;Hair Extensions, UV-LED Wefts & Professional Hair Care;Simple Hair Partner;Comprehensive National Database - All Regions Included
SH-CLEAN-0275;Mönchengladbach Extensions Experts #6;Kaiserstraße 160;41062;Mönchengladbach;+49 365 441611;Hair Extensions, UV-LED Wefts & Professional Hair Care;Simple Hair Partner;Comprehensive National Database - All Regions Included
SH-CLEAN-0276;Mönchengladbach Hair Studio #7;Hindenburgstraße 11;41063;Mönchengladbach;+49 449 143292;Hair Extensions, UV-LED Wefts & Professional Hair Care;Simple Hair Partner;Comprehensive National Database - All Regions Included
SH-CLEAN-0277;Mönchengladbach Coiffeur #8;Abteistraße 89;41064;Mönchengladbach;+49 285 283242;Hair Extensions, UV-LED Wefts & Professional Hair Care;Simple Hair Partner;Comprehensive National Database - All Regions Included
SH-CLEAN-0278;Gelsenkirchen Coiffeur #1;Bahnhofstraße 112;45879;Gelsenkirchen;+49 296 683282;Hair Extensions, UV-LED Wefts & Professional Hair Care;Simple Hair Partner;Comprehensive National Database - All Regions Included
SH-CLEAN-0279;Gelsenkirchen Hair Studio #2;Husemannstraße 135;45880;Gelsenkirchen;+49 820 788989;Hair Extensions, UV-LED Wefts & Professional Hair Care;Simple Hair Partner;Comprehensive National Database - All Regions Included
SH-CLEAN-0280;Gelsenkirchen Extensions Experts #3;Bismarckstraße 61;45881;Gelsenkirchen;+49 304 534582;Hair Extensions, UV-LED Wefts & Professional Hair Care;Simple Hair Partner;Comprehensive National Database - All Regions Included
SH-CLEAN-0281;Gelsenkirchen Coiffeur #4;Bahnhofstraße 40;45882;Gelsenkirchen;+49 888 421766;Hair Extensions, UV-LED Wefts & Professional Hair Care;Simple Hair Partner;Comprehensive National Database - All Regions Included
SH-CLEAN-0282;Gelsenkirchen Tressen & More #5;Husemannstraße 44;45879;Gelsenkirchen;+49 983 234056;Hair Extensions, UV-LED Wefts & Professional Hair Care;Simple Hair Partner;Comprehensive National Database - All Regions Included
SH-CLEAN-0283;Gelsenkirchen Haar-Atelier #6;Bismarckstraße 149;45880;Gelsenkirchen;+49 955 519234;Hair Extensions, UV-LED Wefts & Professional Hair Care;Simple Hair Partner;Comprehensive National Database - All Regions Included
SH-CLEAN-0284;Gelsenkirchen UV-Weft Lounge #7;Bahnhofstraße 6;45881;Gelsenkirchen;+49 699 426016;Hair Extensions, UV-LED Wefts & Professional Hair Care;Simple Hair Partner;Comprehensive National Database - All Regions Included
SH-CLEAN-0285;Gelsenkirchen Tressen & More #8;Husemannstraße 111;45882;Gelsenkirchen;+49 942 730209;Hair Extensions, UV-LED Wefts & Professional Hair Care;Simple Hair Partner;Comprehensive National Database - All Regions Included
SH-CLEAN-0286;Krefeld Coiffeur #1;Hochstraße 146;47798;Krefeld;+49 397 339942;Hair Extensions, UV-LED Wefts & Professional Hair Care;Simple Hair Partner;Comprehensive National Database - All Regions Included
SH-CLEAN-0287;Krefeld Extensions Experts #2;Ostwall 77;47799;Krefeld;+49 888 929015;Hair Extensions, UV-LED Wefts & Professional Hair Care;Simple Hair Partner;Comprehensive National Database - All Regions Included
SH-CLEAN-0288;Krefeld UV-Weft Lounge #3;Rheinstraße 113;47800;Krefeld;+49 349 812489;Hair Extensions, UV-LED Wefts & Professional Hair Care;Simple Hair Partner;Comprehensive National Database - All Regions Included
SH-CLEAN-0289;Krefeld Extensions Experts #4;Hochstraße 151;47801;Krefeld;+49 402 266574;Hair Extensions, UV-LED Wefts & Professional Hair Care;Simple Hair Partner;Comprehensive National Database - All Regions Included
SH-CLEAN-0290;Krefeld Coiffeur #5;Ostwall 136;47798;Krefeld;+49 437 622835;Hair Extensions, UV-LED Wefts & Professional Hair Care;Simple Hair Partner;Comprehensive National Database - All Regions Included
SH-CLEAN-0291;Krefeld Hair Studio #6;Rheinstraße 31;47799;Krefeld;+49 509 758662;Hair Extensions, UV-LED Wefts & Professional Hair Care;Simple Hair Partner;Comprehensive National Database - All Regions Included
SH-CLEAN-0292;Oberhausen Tressen & More #1;Market Street 5;46045;Oberhausen;+49 936 903374;Hair Extensions, UV-LED Wefts & Professional Hair Care;Simple Hair Partner;Comprehensive National Database - All Regions Included
SH-CLEAN-0293;Oberhausen Coiffeur #2;Elsässer Straße 104;46046;Oberhausen;+49 765 768684;Hair Extensions, UV-LED Wefts & Professional Hair Care;Simple Hair Partner;Comprehensive National Database - All Regions Included
SH-CLEAN-0294;Oberhausen Master Hair #3;Friedrich-Karl-Straße 60;46047;Oberhausen;+49 835 552777;Hair Extensions, UV-LED Wefts & Professional Hair Care;Simple Hair Partner;Comprehensive National Database - All Regions Included
SH-CLEAN-0295;Oberhausen Master Hair #4;Market Street 20;46048;Oberhausen;+49 474 363716;Hair Extensions, UV-LED Wefts & Professional Hair Care;Simple Hair Partner;Comprehensive National Database - All Regions Included
SH-CLEAN-0296;Oberhausen Haar-Atelier #5;Elsässer Straße 144;46045;Oberhausen;+49 472 347537;Hair Extensions, UV-LED Wefts & Professional Hair Care;Simple Hair Partner;Comprehensive National Database - All Regions Included
SH-CLEAN-0297;Oberhausen UV-Weft Lounge #6;Friedrich-Karl-Straße 39;46046;Oberhausen;+49 409 299372;Hair Extensions, UV-LED Wefts & Professional Hair Care;Simple Hair Partner;Comprehensive National Database - All Regions Included
SH-CLEAN-0298;Hagen Tressen & More #1;Elberfelder Straße 24;58095;Hagen;+49 725 417187;Hair Extensions, UV-LED Wefts & Professional Hair Care;Simple Hair Partner;Comprehensive National Database - All Regions Included
SH-CLEAN-0299;Hagen Hair Studio #2;Hohenlimburger Straße 125;58096;Hagen;+49 389 587498;Hair Extensions, UV-LED Wefts & Professional Hair Care;Simple Hair Partner;Comprehensive National Database - All Regions Included
SH-CLEAN-0300;Hagen UV-Weft Lounge #3;Elberfelder Straße 83;58097;Hagen;+49 273 557245;Hair Extensions, UV-LED Wefts & Professional Hair Care;Simple Hair Partner;Comprehensive National Database - All Regions Included
SH-CLEAN-0301;Hagen Haar-Atelier #4;Hohenlimburger Straße 140;58098;Hagen;+49 298 897614;Hair Extensions, UV-LED Wefts & Professional Hair Care;Simple Hair Partner;Comprehensive National Database - All Regions Included
SH-CLEAN-0302;Hagen Extensions Experts #5;Elberfelder Straße 116;58095;Hagen;+49 224 248293;Hair Extensions, UV-LED Wefts & Professional Hair Care;Simple Hair Partner;Comprehensive National Database - All Regions Included
SH-CLEAN-0303;Hamm Coiffeur #1;East Street 86;59065;Hamm;+49 651 951802;Hair Extensions, UV-LED Wefts & Professional Hair Care;Simple Hair Partner;Comprehensive National Database - All Regions Included
SH-CLEAN-0304;Hamm Master Hair #2;Weststraße 120;59066;Hamm;+49 509 222007;Hair Extensions, UV-LED Wefts & Professional Hair Care;Simple Hair Partner;Comprehensive National Database - All Regions Included
SH-CLEAN-0305;Hamm Tressen & More #3;East Street 127;59067;Hamm;+49 559 490853;Hair Extensions, UV-LED Wefts & Professional Hair Care;Simple Hair Partner;Comprehensive National Database - All Regions Included
SH-CLEAN-0306;Hamm Coiffeur #4;Weststraße 32;59068;Hamm;+49 567 836284;Hair Extensions, UV-LED Wefts & Professional Hair Care;Simple Hair Partner;Comprehensive National Database - All Regions Included
SH-CLEAN-0307;Hamm Haar-Atelier #5;East Street 66;59065;Hamm;+49 787 652652;Hair Extensions, UV-LED Wefts & Professional Hair Care;Simple Hair Partner;Comprehensive National Database - All Regions Included
SH-CLEAN-0308;Hamm Hair Studio #6;Weststraße 24;59066;Hamm;+49 209 775201;Hair Extensions, UV-LED Wefts & Professional Hair Care;Simple Hair Partner;Comprehensive National Database - All Regions Included
SH-CLEAN-0309;Hamm Haar-Atelier #7;East Street 89;59067;Hamm;+49 661 569168;Hair Extensions, UV-LED Wefts & Professional Hair Care;Simple Hair Partner;Comprehensive National Database - All Regions Included
SH-CLEAN-0310;Mülheim an der Ruhr Coiffeur #1;Schlossstraße 39;45468;Mülheim an der Ruhr;+49 446 288154;Hair Extensions, UV-LED Wefts & Professional Hair Care;Simple Hair Partner;Comprehensive National Database - All Regions Included
SH-CLEAN-0311;Mülheim an der Ruhr Coiffeur #2;Danziger Straße 86;45469;Mülheim an der Ruhr;+49 938 575127;Hair Extensions, UV-LED Wefts & Professional Hair Care;Simple Hair Partner;Comprehensive National Database - All Regions Included
SH-CLEAN-0312;Mülheim an der Ruhr Master Hair #3;Schlossstraße 37;45470;Mülheim an der Ruhr;+49 996 808058;Hair Extensions, UV-LED Wefts & Professional Hair Care;Simple Hair Partner;Comprehensive National Database - All Regions Included
SH-CLEAN-0313;Mülheim an der Ruhr Coiffeur #4;Danziger Straße 141;45471;Mülheim an der Ruhr;+49 954 945005;Hair Extensions, UV-LED Wefts & Professional Hair Care;Simple Hair Partner;Comprehensive National Database - All Regions Included
SH-CLEAN-0314;Mülheim an der Ruhr Haar-Atelier #5;Schlossstraße 110;45468;Mülheim an der Ruhr;+49 586 268806;Hair Extensions, UV-LED Wefts & Professional Hair Care;Simple Hair Partner;Comprehensive National Database - All Regions Included
SH-CLEAN-0315;Mülheim an der Ruhr UV-Weft Lounge #6;Danziger Straße 67;45469;Mülheim an der Ruhr;+49 575 976511;Hair Extensions, UV-LED Wefts & Professional Hair Care;Simple Hair Partner;Comprehensive National Database - All Regions Included
SH-CLEAN-0316;Mülheim an der Ruhr UV-Weft Lounge #7;Schlossstraße 102;45470;Mülheim an der Ruhr;+49 919 553844;Hair Extensions, UV-LED Wefts & Professional Hair Care;Simple Hair Partner;Comprehensive National Database - All Regions Included
SH-CLEAN-0317;Mülheim an der Ruhr Extensions Experts #8;Danziger Straße 2;45471;Mülheim an der Ruhr;+49 436 597840;Hair Extensions, UV-LED Wefts & Professional Hair Care;Simple Hair Partner;Comprehensive National Database - All Regions Included
SH-CLEAN-0318;Leverkusen Coiffeur #1;Wiesdorfer Platz 154;51373;Leverkusen;+49 358 728168;Hair Extensions, UV-LED Wefts & Professional Hair Care;Simple Hair Partner;Comprehensive National Database - All Regions Included
SH-CLEAN-0319;Leverkusen Tressen & More #2;Friedrich-Ebert-Straße 89;51374;Leverkusen;+49 930 741254;Hair Extensions, UV-LED Wefts & Professional Hair Care;Simple Hair Partner;Comprehensive National Database - All Regions Included
SH-CLEAN-0320;Leverkusen Extensions Experts #3;Wiesdorfer Platz 83;51375;Leverkusen;+49 203 784291;Hair Extensions, UV-LED Wefts & Professional Hair Care;Simple Hair Partner;Comprehensive National Database - All Regions Included
SH-CLEAN-0321;Leverkusen Haar-Atelier #4;Friedrich-Ebert-Straße 120;51376;Leverkusen;+49 665 800484;Hair Extensions, UV-LED Wefts & Professional Hair Care;Simple Hair Partner;Comprehensive National Database - All Regions Included
SH-CLEAN-0322;Leverkusen Coiffeur #5;Wiesdorfer Platz 14;51373;Leverkusen;+49 223 372127;Hair Extensions, UV-LED Wefts & Professional Hair Care;Simple Hair Partner;Comprehensive National Database - All Regions Included
SH-CLEAN-0323;Leverkusen Master Hair #6;Friedrich-Ebert-Straße 35;51374;Leverkusen;+49 477 291198;Hair Extensions, UV-LED Wefts & Professional Hair Care;Simple Hair Partner;Comprehensive National Database - All Regions Included
SH-CLEAN-0324;Solingen Extensions Experts #1;Hauptstraße 47;42651;Solingen;+49 988 785065;Hair Extensions, UV-LED Wefts & Professional Hair Care;Simple Hair Partner;Comprehensive National Database - All Regions Included
SH-CLEAN-0325;Solingen Coiffeur #2;Kölner Straße 41;42652;Solingen;+49 743 231383;Hair Extensions, UV-LED Wefts & Professional Hair Care;Simple Hair Partner;Comprehensive National Database - All Regions Included
SH-CLEAN-0326;Solingen Extensions Experts #3;Hauptstraße 45;42653;Solingen;+49 483 921274;Hair Extensions, UV-LED Wefts & Professional Hair Care;Simple Hair Partner;Comprehensive National Database - All Regions Included
SH-CLEAN-0327;Solingen UV-Weft Lounge #4;Kölner Straße 103;42654;Solingen;+49 685 159016;Hair Extensions, UV-LED Wefts & Professional Hair Care;Simple Hair Partner;Comprehensive National Database - All Regions Included
SH-CLEAN-0328;Solingen UV-Weft Lounge #5;Hauptstraße 98;42651;Solingen;+49 629 372258;Hair Extensions, UV-LED Wefts & Professional Hair Care;Simple Hair Partner;Comprehensive National Database - All Regions Included
SH-CLEAN-0329;Solingen Master Hair #6;Kölner Straße 84;42652;Solingen;+49 338 178706;Hair Extensions, UV-LED Wefts & Professional Hair Care;Simple Hair Partner;Comprehensive National Database - All Regions Included
SH-CLEAN-0330;Solingen Extensions Experts #7;Hauptstraße 60;42653;Solingen;+49 987 559443;Hair Extensions, UV-LED Wefts & Professional Hair Care;Simple Hair Partner;Comprehensive National Database - All Regions Included
SH-CLEAN-0331;Solingen Hair Studio #8;Kölner Straße 78;42654;Solingen;+49 575 276096;Hair Extensions, UV-LED Wefts & Professional Hair Care;Simple Hair Partner;Comprehensive National Database - All Regions Included
SH-CLEAN-0332;Paderborn Master Hair #1;Westernstraße 72;33098;Paderborn;+49 668 669859;Hair Extensions, UV-LED Wefts & Professional Hair Care;Simple Hair Partner;Comprehensive National Database - All Regions Included
SH-CLEAN-0333;Paderborn UV-Weft Lounge #2;Kleine Westernstraße 124;33099;Paderborn;+49 241 158067;Hair Extensions, UV-LED Wefts & Professional Hair Care;Simple Hair Partner;Comprehensive National Database - All Regions Included
SH-CLEAN-0334;Paderborn Coiffeur #3;Marienplatz 62;33100;Paderborn;+49 675 905796;Hair Extensions, UV-LED Wefts & Professional Hair Care;Simple Hair Partner;Comprehensive National Database - All Regions Included
SH-CLEAN-0335;Paderborn Coiffeur #4;Westernstraße 110;33101;Paderborn;+49 305 642737;Hair Extensions, UV-LED Wefts & Professional Hair Care;Simple Hair Partner;Comprehensive National Database - All Regions Included
SH-CLEAN-0336;Paderborn Hair Studio #5;Kleine Westernstraße 127;33098;Paderborn;+49 836 978961;Hair Extensions, UV-LED Wefts & Professional Hair Care;Simple Hair Partner;Comprehensive National Database - All Regions Included
SH-CLEAN-0337;Paderborn Master Hair #6;Marienplatz 160;33099;Paderborn;+49 582 986233;Hair Extensions, UV-LED Wefts & Professional Hair Care;Simple Hair Partner;Comprehensive National Database - All Regions Included
SH-CLEAN-0338;Paderborn Coiffeur #7;Westernstraße 34;33100;Paderborn;+49 427 120837;Hair Extensions, UV-LED Wefts & Professional Hair Care;Simple Hair Partner;Comprehensive National Database - All Regions Included
SH-CLEAN-0339;Paderborn Hair Studio #8;Kleine Westernstraße 17;33101;Paderborn;+49 722 663988;Hair Extensions, UV-LED Wefts & Professional Hair Care;Simple Hair Partner;Comprehensive National Database - All Regions Included
SH-CLEAN-0340;Rerecklinghausen Extensions Experts #1;Große Geldstraße 138;45657;Rerecklinghausen;+49 708 405199;Hair Extensions, UV-LED Wefts & Professional Hair Care;Simple Hair Partner;Comprehensive National Database - All Regions Included
SH-CLEAN-0341;Rerecklinghausen Haar-Atelier #2;Kunibertistraße 50;45658;Rerecklinghausen;+49 601 944945;Hair Extensions, UV-LED Wefts & Professional Hair Care;Simple Hair Partner;Comprehensive National Database - All Regions Included
SH-CLEAN-0342;Rerecklinghausen UV-Weft Lounge #3;Steinstraße 51;45659;Rerecklinghausen;+49 837 323904;Hair Extensions, UV-LED Wefts & Professional Hair Care;Simple Hair Partner;Comprehensive National Database - All Regions Included
SH-CLEAN-0343;Rerecklinghausen Hair Studio #4;Große Geldstraße 50;45660;Rerecklinghausen;+49 879 810552;Hair Extensions, UV-LED Wefts & Professional Hair Care;Simple Hair Partner;Comprehensive National Database - All Regions Included
SH-CLEAN-0344;Rerecklinghausen Coiffeur #5;Kunibertistraße 133;45657;Rerecklinghausen;+49 841 413852;Hair Extensions, UV-LED Wefts & Professional Hair Care;Simple Hair Partner;Comprehensive National Database - All Regions Included
SH-CLEAN-0345;Rerecklinghausen Master Hair #6;Steinstraße 72;45658;Rerecklinghausen;+49 681 400874;Hair Extensions, UV-LED Wefts & Professional Hair Care;Simple Hair Partner;Comprehensive National Database - All Regions Included
SH-CLEAN-0346;Rerecklinghausen UV-Weft Lounge #7;Große Geldstraße 36;45659;Rerecklinghausen;+49 600 436328;Hair Extensions, UV-LED Wefts & Professional Hair Care;Simple Hair Partner;Comprehensive National Database - All Regions Included
SH-CLEAN-0347;Rerecklinghausen Coiffeur #8;Kunibertistraße 33;45660;Rerecklinghausen;+49 356 180730;Hair Extensions, UV-LED Wefts & Professional Hair Care;Simple Hair Partner;Comprehensive National Database - All Regions Included
SH-CLEAN-0348;Siegen Haar-Atelier #1;Kölner Straße 60;57072;Siegen;+49 308 746910;Hair Extensions, UV-LED Wefts & Professional Hair Care;Simple Hair Partner;Comprehensive National Database - All Regions Included
SH-CLEAN-0349;Siegen Master Hair #2;Marburger Straße 113;57073;Siegen;+49 257 847014;Hair Extensions, UV-LED Wefts & Professional Hair Care;Simple Hair Partner;Comprehensive National Database - All Regions Included
SH-CLEAN-0350;Siegen Haar-Atelier #3;Bahnhofstraße 6;57074;Siegen;+49 828 894680;Hair Extensions, UV-LED Wefts & Professional Hair Care;Simple Hair Partner;Comprehensive National Database - All Regions Included
SH-CLEAN-0351;Siegen Hair Studio #4;Kölner Straße 145;57075;Siegen;+49 863 753377;Hair Extensions, UV-LED Wefts & Professional Hair Care;Simple Hair Partner;Comprehensive National Database - All Regions Included
SH-CLEAN-0352;Siegen Extensions Experts #5;Marburger Straße 101;57072;Siegen;+49 992 885749;Hair Extensions, UV-LED Wefts & Professional Hair Care;Simple Hair Partner;Comprehensive National Database - All Regions Included
SH-CLEAN-0353;Siegen Extensions Experts #6;Bahnhofstraße 87;57073;Siegen;+49 308 279602;Hair Extensions, UV-LED Wefts & Professional Hair Care;Simple Hair Partner;Comprehensive National Database - All Regions Included
SH-CLEAN-0354;Siegen Master Hair #7;Kölner Straße 51;57074;Siegen;+49 986 957840;Hair Extensions, UV-LED Wefts & Professional Hair Care;Simple Hair Partner;Comprehensive National Database - All Regions Included
SH-CLEAN-0355;Paderborn Coiffeur #1;Westernstraße 106;33098;Paderborn;+49 653 716872;Hair Extensions, UV-LED Wefts & Professional Hair Care;Simple Hair Partner;Comprehensive National Database - All Regions Included
SH-CLEAN-0356;Paderborn Coiffeur #2;Kamp 80;33099;Paderborn;+49 802 446631;Hair Extensions, UV-LED Wefts & Professional Hair Care;Simple Hair Partner;Comprehensive National Database - All Regions Included
SH-CLEAN-0357;Paderborn Tressen & More #3;Westernstraße 73;33100;Paderborn;+49 797 835459;Hair Extensions, UV-LED Wefts & Professional Hair Care;Simple Hair Partner;Comprehensive National Database - All Regions Included
SH-CLEAN-0358;Paderborn Extensions Experts #4;Kamp 66;33101;Paderborn;+49 697 487036;Hair Extensions, UV-LED Wefts & Professional Hair Care;Simple Hair Partner;Comprehensive National Database - All Regions Included
SH-CLEAN-0359;Paderborn UV-Weft Lounge #5;Westernstraße 131;33098;Paderborn;+49 575 265890;Hair Extensions, UV-LED Wefts & Professional Hair Care;Simple Hair Partner;Comprehensive National Database - All Regions Included
SH-CLEAN-0360;Paderborn Tressen & More #6;Kamp 118;33099;Paderborn;+49 736 168079;Hair Extensions, UV-LED Wefts & Professional Hair Care;Simple Hair Partner;Comprehensive National Database - All Regions Included
SH-CLEAN-0361;Paderborn Coiffeur #7;Westernstraße 35;33100;Paderborn;+49 855 556017;Hair Extensions, UV-LED Wefts & Professional Hair Care;Simple Hair Partner;Comprehensive National Database - All Regions Included
SH-CLEAN-0362;Frankfurt am Main Tressen & More #1;Zeil 93;60311;Frankfurt am Main;+49 896 616966;Hair Extensions, UV-LED Wefts & Professional Hair Care;Simple Hair Partner;Comprehensive National Database - All Regions Included
SH-CLEAN-0363;Frankfurt am Main Coiffeur #2;Goethestraße 55;60312;Frankfurt am Main;+49 536 126368;Hair Extensions, UV-LED Wefts & Professional Hair Care;Simple Hair Partner;Comprehensive National Database - All Regions Included
SH-CLEAN-0364;Frankfurt am Main Extensions Experts #3;Kaiserstraße 54;60313;Frankfurt am Main;+49 433 279470;Hair Extensions, UV-LED Wefts & Professional Hair Care;Simple Hair Partner;Comprehensive National Database - All Regions Included
SH-CLEAN-0365;Frankfurt am Main Coiffeur #4;Berger Straße 158;60314;Frankfurt am Main;+49 468 359548;Hair Extensions, UV-LED Wefts & Professional Hair Care;Simple Hair Partner;Comprehensive National Database - All Regions Included
SH-CLEAN-0366;Frankfurt am Main Coiffeur #5;Zeil 112;60311;Frankfurt am Main;+49 796 638719;Hair Extensions, UV-LED Wefts & Professional Hair Care;Simple Hair Partner;Comprehensive National Database - All Regions Included
SH-CLEAN-0367;Wiesbaden Extensions Experts #1;Wilhelmstraße 97;65183;Wiesbaden;+49 394 105745;Hair Extensions, UV-LED Wefts & Professional Hair Care;Simple Hair Partner;Comprehensive National Database - All Regions Included
SH-CLEAN-0368;Wiesbaden Extensions Experts #2;Kirchgasse 17;65184;Wiesbaden;+49 848 721342;Hair Extensions, UV-LED Wefts & Professional Hair Care;Simple Hair Partner;Comprehensive National Database - All Regions Included
SH-CLEAN-0369;Wiesbaden Coiffeur #3;Taunusstraße 156;65185;Wiesbaden;+49 884 267802;Hair Extensions, UV-LED Wefts & Professional Hair Care;Simple Hair Partner;Comprehensive National Database - All Regions Included
SH-CLEAN-0370;Wiesbaden Hair Studio #4;Wilhelmstraße 64;65186;Wiesbaden;+49 710 457891;Hair Extensions, UV-LED Wefts & Professional Hair Care;Simple Hair Partner;Comprehensive National Database - All Regions Included
SH-CLEAN-0371;Wiesbaden Coiffeur #5;Kirchgasse 87;65183;Wiesbaden;+49 888 510669;Hair Extensions, UV-LED Wefts & Professional Hair Care;Simple Hair Partner;Comprehensive National Database - All Regions Included
SH-CLEAN-0372;Wiesbaden UV-Weft Lounge #6;Taunusstraße 102;65184;Wiesbaden;+49 266 663678;Hair Extensions, UV-LED Wefts & Professional Hair Care;Simple Hair Partner;Comprehensive National Database - All Regions Included
SH-CLEAN-0373;Wiesbaden Extensions Experts #7;Wilhelmstraße 80;65185;Wiesbaden;+49 993 498744;Hair Extensions, UV-LED Wefts & Professional Hair Care;Simple Hair Partner;Comprehensive National Database - All Regions Included
SH-CLEAN-0374;Wiesbaden Master Hair #8;Kirchgasse 47;65186;Wiesbaden;+49 789 543974;Hair Extensions, UV-LED Wefts & Professional Hair Care;Simple Hair Partner;Comprehensive National Database - All Regions Included
SH-CLEAN-0375;Kassel Coiffeur #1;Obere Königsstraße 84;34117;Kassel;+49 566 661181;Hair Extensions, UV-LED Wefts & Professional Hair Care;Simple Hair Partner;Comprehensive National Database - All Regions Included
SH-CLEAN-0376;Kassel UV-Weft Lounge #2;Friedrichstraße 150;34118;Kassel;+49 897 139225;Hair Extensions, UV-LED Wefts & Professional Hair Care;Simple Hair Partner;Comprehensive National Database - All Regions Included
SH-CLEAN-0377;Kassel Master Hair #3;Treppenstraße 48;34119;Kassel;+49 647 770236;Hair Extensions, UV-LED Wefts & Professional Hair Care;Simple Hair Partner;Comprehensive National Database - All Regions Included
SH-CLEAN-0378;Kassel Master Hair #4;Obere Königsstraße 88;34120;Kassel;+49 669 919715;Hair Extensions, UV-LED Wefts & Professional Hair Care;Simple Hair Partner;Comprehensive National Database - All Regions Included
SH-CLEAN-0379;Kassel Hair Studio #5;Friedrichstraße 29;34117;Kassel;+49 709 119324;Hair Extensions, UV-LED Wefts & Professional Hair Care;Simple Hair Partner;Comprehensive National Database - All Regions Included
SH-CLEAN-0380;Kassel Extensions Experts #6;Treppenstraße 160;34118;Kassel;+49 258 520919;Hair Extensions, UV-LED Wefts & Professional Hair Care;Simple Hair Partner;Comprehensive National Database - All Regions Included
SH-CLEAN-0381;Darmstadt Extensions Experts #1;Rheinstraße 42;64283;Darmstadt;+49 297 238775;Hair Extensions, UV-LED Wefts & Professional Hair Care;Simple Hair Partner;Comprehensive National Database - All Regions Included
SH-CLEAN-0382;Darmstadt Extensions Experts #2;Luisenplatz 86;64284;Darmstadt;+49 394 367921;Hair Extensions, UV-LED Wefts & Professional Hair Care;Simple Hair Partner;Comprehensive National Database - All Regions Included
SH-CLEAN-0383;Darmstadt Coiffeur #3;Ernst-Ludwig-Straße 62;64285;Darmstadt;+49 969 358265;Hair Extensions, UV-LED Wefts & Professional Hair Care;Simple Hair Partner;Comprehensive National Database - All Regions Included
SH-CLEAN-0384;Darmstadt Hair Studio #4;Rheinstraße 114;64286;Darmstadt;+49 237 173412;Hair Extensions, UV-LED Wefts & Professional Hair Care;Simple Hair Partner;Comprehensive National Database - All Regions Included
SH-CLEAN-0385;Darmstadt Coiffeur #5;Luisenplatz 130;64283;Darmstadt;+49 688 445591;Hair Extensions, UV-LED Wefts & Professional Hair Care;Simple Hair Partner;Comprehensive National Database - All Regions Included
SH-CLEAN-0386;Offenbach am Main Extensions Experts #1;Berliner Straße 43;63065;Offenbach am Main;+49 709 877922;Hair Extensions, UV-LED Wefts & Professional Hair Care;Simple Hair Partner;Comprehensive National Database - All Regions Included
SH-CLEAN-0387;Offenbach am Main UV-Weft Lounge #2;Kaiserstraße 123;63066;Offenbach am Main;+49 886 752256;Hair Extensions, UV-LED Wefts & Professional Hair Care;Simple Hair Partner;Comprehensive National Database - All Regions Included
SH-CLEAN-0388;Offenbach am Main Hair Studio #3;Rathausgasse 61;63067;Offenbach am Main;+49 632 214211;Hair Extensions, UV-LED Wefts & Professional Hair Care;Simple Hair Partner;Comprehensive National Database - All Regions Included
SH-CLEAN-0389;Offenbach am Main Hair Studio #4;Berliner Straße 119;63068;Offenbach am Main;+49 875 878506;Hair Extensions, UV-LED Wefts & Professional Hair Care;Simple Hair Partner;Comprehensive National Database - All Regions Included
SH-CLEAN-0390;Offenbach am Main Master Hair #5;Kaiserstraße 90;63065;Offenbach am Main;+49 876 175780;Hair Extensions, UV-LED Wefts & Professional Hair Care;Simple Hair Partner;Comprehensive National Database - All Regions Included
SH-CLEAN-0391;Offenbach am Main Tressen & More #6;Rathausgasse 37;63066;Offenbach am Main;+49 798 659301;Hair Extensions, UV-LED Wefts & Professional Hair Care;Simple Hair Partner;Comprehensive National Database - All Regions Included
SH-CLEAN-0392;Hanau Coiffeur #1;Hammerstraße 143;63450;Hanau;+49 455 333794;Hair Extensions, UV-LED Wefts & Professional Hair Care;Simple Hair Partner;Comprehensive National Database - All Regions Included
SH-CLEAN-0393;Hanau Coiffeur #2;Nürnberger Straße 63;63451;Hanau;+49 287 378672;Hair Extensions, UV-LED Wefts & Professional Hair Care;Simple Hair Partner;Comprehensive National Database - All Regions Included
SH-CLEAN-0394;Hanau Haar-Atelier #3;Große Marktstraße 160;63452;Hanau;+49 297 353926;Hair Extensions, UV-LED Wefts & Professional Hair Care;Simple Hair Partner;Comprehensive National Database - All Regions Included
SH-CLEAN-0395;Hanau Hair Studio #4;Hammerstraße 61;63453;Hanau;+49 897 369605;Hair Extensions, UV-LED Wefts & Professional Hair Care;Simple Hair Partner;Comprehensive National Database - All Regions Included
SH-CLEAN-0396;Hanau Haar-Atelier #5;Nürnberger Straße 96;63450;Hanau;+49 318 350673;Hair Extensions, UV-LED Wefts & Professional Hair Care;Simple Hair Partner;Comprehensive National Database - All Regions Included
SH-CLEAN-0397;Hanau Haar-Atelier #6;Große Marktstraße 132;63451;Hanau;+49 214 942634;Hair Extensions, UV-LED Wefts & Professional Hair Care;Simple Hair Partner;Comprehensive National Database - All Regions Included
SH-CLEAN-0398;Marburg Hair Studio #1;Wettergasse 72;35037;Marburg;+49 990 803040;Hair Extensions, UV-LED Wefts & Professional Hair Care;Simple Hair Partner;Comprehensive National Database - All Regions Included
SH-CLEAN-0399;Marburg Extensions Experts #2;Steinweg 134;35038;Marburg;+49 728 515678;Hair Extensions, UV-LED Wefts & Professional Hair Care;Simple Hair Partner;Comprehensive National Database - All Regions Included
SH-CLEAN-0400;Marburg Haar-Atelier #3;Universitätsstraße 63;35039;Marburg;+49 542 588680;Hair Extensions, UV-LED Wefts & Professional Hair Care;Simple Hair Partner;Comprehensive National Database - All Regions Included
SH-CLEAN-0401;Marburg Coiffeur #4;Wettergasse 159;35040;Marburg;+49 769 558086;Hair Extensions, UV-LED Wefts & Professional Hair Care;Simple Hair Partner;Comprehensive National Database - All Regions Included
SH-CLEAN-0402;Marburg Hair Studio #5;Steinweg 125;35037;Marburg;+49 275 920371;Hair Extensions, UV-LED Wefts & Professional Hair Care;Simple Hair Partner;Comprehensive National Database - All Regions Included
SH-CLEAN-0403;Giessen Hair Studio #1;Seltersweg 28;35390;Giessen;+49 684 509731;Hair Extensions, UV-LED Wefts & Professional Hair Care;Simple Hair Partner;Comprehensive National Database - All Regions Included
SH-CLEAN-0404;Giessen UV-Weft Lounge #2;Neustadt 51;35391;Giessen;+49 916 655083;Hair Extensions, UV-LED Wefts & Professional Hair Care;Simple Hair Partner;Comprehensive National Database - All Regions Included
SH-CLEAN-0405;Giessen UV-Weft Lounge #3;Plockstraße 3;35392;Giessen;+49 942 795657;Hair Extensions, UV-LED Wefts & Professional Hair Care;Simple Hair Partner;Comprehensive National Database - All Regions Included
SH-CLEAN-0406;Giessen Haar-Atelier #4;Seltersweg 53;35393;Giessen;+49 945 260074;Hair Extensions, UV-LED Wefts & Professional Hair Care;Simple Hair Partner;Comprehensive National Database - All Regions Included
SH-CLEAN-0407;Giessen Extensions Experts #5;Neustadt 34;35390;Giessen;+49 780 271809;Hair Extensions, UV-LED Wefts & Professional Hair Care;Simple Hair Partner;Comprehensive National Database - All Regions Included
SH-CLEAN-0408;Fulda Hair Studio #1;Untertorkai 67;36037;Fulda;+49 657 119116;Hair Extensions, UV-LED Wefts & Professional Hair Care;Simple Hair Partner;Comprehensive National Database - All Regions Included
SH-CLEAN-0409;Fulda Haar-Atelier #2;Rabanusstraße 24;36038;Fulda;+49 713 180981;Hair Extensions, UV-LED Wefts & Professional Hair Care;Simple Hair Partner;Comprehensive National Database - All Regions Included
SH-CLEAN-0410;Fulda Tressen & More #3;Bahnhofstraße 68;36039;Fulda;+49 881 864379;Hair Extensions, UV-LED Wefts & Professional Hair Care;Simple Hair Partner;Comprehensive National Database - All Regions Included
SH-CLEAN-0411;Fulda Haar-Atelier #4;Untertorkai 119;36040;Fulda;+49 325 232461;Hair Extensions, UV-LED Wefts & Professional Hair Care;Simple Hair Partner;Comprehensive National Database - All Regions Included
SH-CLEAN-0412;Fulda Extensions Experts #5;Rabanusstraße 119;36037;Fulda;+49 341 921163;Hair Extensions, UV-LED Wefts & Professional Hair Care;Simple Hair Partner;Comprehensive National Database - All Regions Included
SH-CLEAN-0413;Fulda UV-Weft Lounge #6;Bahnhofstraße 160;36038;Fulda;+49 809 746889;Hair Extensions, UV-LED Wefts & Professional Hair Care;Simple Hair Partner;Comprehensive National Database - All Regions Included
SH-CLEAN-0414;Fulda UV-Weft Lounge #7;Untertorkai 80;36039;Fulda;+49 958 688636;Hair Extensions, UV-LED Wefts & Professional Hair Care;Simple Hair Partner;Comprehensive National Database - All Regions Included
SH-CLEAN-0415;Bad Homburg Extensions Experts #1;Luisenstraße 128;63538;Bad Homburg;+49 858 703170;Hair Extensions, UV-LED Wefts & Professional Hair Care;Simple Hair Partner;Comprehensive National Database - All Regions Included
SH-CLEAN-0416;Bad Homburg Coiffeur #2;Kaiser-Friedrich-Promenade 74;63539;Bad Homburg;+49 403 915631;Hair Extensions, UV-LED Wefts & Professional Hair Care;Simple Hair Partner;Comprehensive National Database - All Regions Included
SH-CLEAN-0417;Bad Homburg Master Hair #3;Luisenstraße 58;63540;Bad Homburg;+49 863 576837;Hair Extensions, UV-LED Wefts & Professional Hair Care;Simple Hair Partner;Comprehensive National Database - All Regions Included
SH-CLEAN-0418;Bad Homburg Hair Studio #4;Kaiser-Friedrich-Promenade 81;63541;Bad Homburg;+49 295 594083;Hair Extensions, UV-LED Wefts & Professional Hair Care;Simple Hair Partner;Comprehensive National Database - All Regions Included
SH-CLEAN-0419;Bad Homburg Tressen & More #5;Luisenstraße 64;63538;Bad Homburg;+49 604 346033;Hair Extensions, UV-LED Wefts & Professional Hair Care;Simple Hair Partner;Comprehensive National Database - All Regions Included
SH-CLEAN-0420;Bad Homburg Haar-Atelier #6;Kaiser-Friedrich-Promenade 100;63539;Bad Homburg;+49 530 662475;Hair Extensions, UV-LED Wefts & Professional Hair Care;Simple Hair Partner;Comprehensive National Database - All Regions Included
SH-CLEAN-0421;Bad Homburg Extensions Experts #7;Luisenstraße 137;63540;Bad Homburg;+49 487 801353;Hair Extensions, UV-LED Wefts & Professional Hair Care;Simple Hair Partner;Comprehensive National Database - All Regions Included
SH-CLEAN-0422;Mainz Hair Studio #1;Augustinerstraße 136;55116;Mainz;+49 649 816162;Hair Extensions, UV-LED Wefts & Professional Hair Care;Simple Hair Partner;Comprehensive National Database - All Regions Included
SH-CLEAN-0423;Mainz Coiffeur #2;Schillerstraße 33;55117;Mainz;+49 691 549478;Hair Extensions, UV-LED Wefts & Professional Hair Care;Simple Hair Partner;Comprehensive National Database - All Regions Included
SH-CLEAN-0424;Mainz Extensions Experts #3;Ludwigstraße 36;55118;Mainz;+49 672 857812;Hair Extensions, UV-LED Wefts & Professional Hair Care;Simple Hair Partner;Comprehensive National Database - All Regions Included
SH-CLEAN-0425;Mainz Master Hair #4;Augustinerstraße 32;55119;Mainz;+49 480 246888;Hair Extensions, UV-LED Wefts & Professional Hair Care;Simple Hair Partner;Comprehensive National Database - All Regions Included
SH-CLEAN-0426;Mainz Hair Studio #5;Schillerstraße 64;55116;Mainz;+49 301 742028;Hair Extensions, UV-LED Wefts & Professional Hair Care;Simple Hair Partner;Comprehensive National Database - All Regions Included
SH-CLEAN-0427;Ludwigshafen Coiffeur #1;Bismarckstraße 87;67059;Ludwigshafen;+49 523 819940;Hair Extensions, UV-LED Wefts & Professional Hair Care;Simple Hair Partner;Comprehensive National Database - All Regions Included
SH-CLEAN-0428;Ludwigshafen Haar-Atelier #2;Ludwigstraße 112;67060;Ludwigshafen;+49 280 358971;Hair Extensions, UV-LED Wefts & Professional Hair Care;Simple Hair Partner;Comprehensive National Database - All Regions Included
SH-CLEAN-0429;Ludwigshafen Extensions Experts #3;Heinigstraße 146;67061;Ludwigshafen;+49 255 649916;Hair Extensions, UV-LED Wefts & Professional Hair Care;Simple Hair Partner;Comprehensive National Database - All Regions Included
SH-CLEAN-0430;Ludwigshafen Haar-Atelier #4;Bismarckstraße 101;67062;Ludwigshafen;+49 635 909801;Hair Extensions, UV-LED Wefts & Professional Hair Care;Simple Hair Partner;Comprehensive National Database - All Regions Included
SH-CLEAN-0431;Ludwigshafen Haar-Atelier #5;Ludwigstraße 9;67059;Ludwigshafen;+49 428 408233;Hair Extensions, UV-LED Wefts & Professional Hair Care;Simple Hair Partner;Comprehensive National Database - All Regions Included
SH-CLEAN-0432;Ludwigshafen Extensions Experts #6;Heinigstraße 119;67060;Ludwigshafen;+49 754 325778;Hair Extensions, UV-LED Wefts & Professional Hair Care;Simple Hair Partner;Comprehensive National Database - All Regions Included
SH-CLEAN-0433;Ludwigshafen Hair Studio #7;Bismarckstraße 117;67061;Ludwigshafen;+49 414 328468;Hair Extensions, UV-LED Wefts & Professional Hair Care;Simple Hair Partner;Comprehensive National Database - All Regions Included
SH-CLEAN-0434;Koblenz Master Hair #1;Löhrstraße 132;56068;Koblenz;+49 900 415194;Hair Extensions, UV-LED Wefts & Professional Hair Care;Simple Hair Partner;Comprehensive National Database - All Regions Included
SH-CLEAN-0435;Koblenz Haar-Atelier #2;Altengasse 34;56069;Koblenz;+49 388 397039;Hair Extensions, UV-LED Wefts & Professional Hair Care;Simple Hair Partner;Comprehensive National Database - All Regions Included
SH-CLEAN-0436;Koblenz Tressen & More #3;Am Plan 21;56070;Koblenz;+49 565 962039;Hair Extensions, UV-LED Wefts & Professional Hair Care;Simple Hair Partner;Comprehensive National Database - All Regions Included
SH-CLEAN-0437;Koblenz Tressen & More #4;Löhrstraße 61;56071;Koblenz;+49 947 953889;Hair Extensions, UV-LED Wefts & Professional Hair Care;Simple Hair Partner;Comprehensive National Database - All Regions Included
SH-CLEAN-0438;Koblenz Master Hair #5;Altengasse 115;56068;Koblenz;+49 362 108165;Hair Extensions, UV-LED Wefts & Professional Hair Care;Simple Hair Partner;Comprehensive National Database - All Regions Included
SH-CLEAN-0439;Koblenz UV-Weft Lounge #6;Am Plan 75;56069;Koblenz;+49 832 108081;Hair Extensions, UV-LED Wefts & Professional Hair Care;Simple Hair Partner;Comprehensive National Database - All Regions Included
SH-CLEAN-0440;Trier Tressen & More #1;Simeonstraße 113;54290;Trier;+49 375 953361;Hair Extensions, UV-LED Wefts & Professional Hair Care;Simple Hair Partner;Comprehensive National Database - All Regions Included
SH-CLEAN-0441;Trier Haar-Atelier #2;Fleischstraße 76;54291;Trier;+49 506 907118;Hair Extensions, UV-LED Wefts & Professional Hair Care;Simple Hair Partner;Comprehensive National Database - All Regions Included
SH-CLEAN-0442;Trier Extensions Experts #3;Brodgasse 15;54292;Trier;+49 441 563593;Hair Extensions, UV-LED Wefts & Professional Hair Care;Simple Hair Partner;Comprehensive National Database - All Regions Included
SH-CLEAN-0443;Trier Hair Studio #4;Simeonstraße 58;54293;Trier;+49 240 481973;Hair Extensions, UV-LED Wefts & Professional Hair Care;Simple Hair Partner;Comprehensive National Database - All Regions Included
SH-CLEAN-0444;Trier Master Hair #5;Fleischstraße 76;54290;Trier;+49 345 543861;Hair Extensions, UV-LED Wefts & Professional Hair Care;Simple Hair Partner;Comprehensive National Database - All Regions Included
SH-CLEAN-0445;Trier Hair Studio #6;Brodgasse 148;54291;Trier;+49 398 902275;Hair Extensions, UV-LED Wefts & Professional Hair Care;Simple Hair Partner;Comprehensive National Database - All Regions Included
SH-CLEAN-0446;Kaiserslautern Hair Studio #1;Fruchthallstraße 44;67061;Kaiserslautern;+49 765 254943;Hair Extensions, UV-LED Wefts & Professional Hair Care;Simple Hair Partner;Comprehensive National Database - All Regions Included
SH-CLEAN-0447;Kaiserslautern Coiffeur #2;Eisenbahnstraße 32;67062;Kaiserslautern;+49 382 923155;Hair Extensions, UV-LED Wefts & Professional Hair Care;Simple Hair Partner;Comprehensive National Database - All Regions Included
SH-CLEAN-0448;Kaiserslautern Master Hair #3;Schillerplatz 142;67063;Kaiserslautern;+49 761 660150;Hair Extensions, UV-LED Wefts & Professional Hair Care;Simple Hair Partner;Comprehensive National Database - All Regions Included
SH-CLEAN-0449;Kaiserslautern Hair Studio #4;Fruchthallstraße 133;67064;Kaiserslautern;+49 260 194366;Hair Extensions, UV-LED Wefts & Professional Hair Care;Simple Hair Partner;Comprehensive National Database - All Regions Included
SH-CLEAN-0450;Kaiserslautern Tressen & More #5;Eisenbahnstraße 63;67061;Kaiserslautern;+49 690 801190;Hair Extensions, UV-LED Wefts & Professional Hair Care;Simple Hair Partner;Comprehensive National Database - All Regions Included
SH-CLEAN-0451;Kaiserslautern UV-Weft Lounge #6;Schillerplatz 135;67062;Kaiserslautern;+49 567 290697;Hair Extensions, UV-LED Wefts & Professional Hair Care;Simple Hair Partner;Comprehensive National Database - All Regions Included
SH-CLEAN-0452;Kaiserslautern Master Hair #7;Fruchthallstraße 108;67063;Kaiserslautern;+49 698 198553;Hair Extensions, UV-LED Wefts & Professional Hair Care;Simple Hair Partner;Comprehensive National Database - All Regions Included
SH-CLEAN-0453;Kaiserslautern Master Hair #8;Eisenbahnstraße 7;67064;Kaiserslautern;+49 909 734746;Hair Extensions, UV-LED Wefts & Professional Hair Care;Simple Hair Partner;Comprehensive National Database - All Regions Included
SH-CLEAN-0454;Worms Extensions Experts #1;K<bos>4 55;67547;Worms;+49 592 729659;Hair Extensions, UV-LED Wefts & Professional Hair Care;Simple Hair Partner;Comprehensive National Database - All Regions Included
SH-CLEAN-0455;Worms Extensions Experts #2;Lindenstraße 88;67548;Worms;+49 716 704339;Hair Extensions, UV-LED Wefts & Professional Hair Care;Simple Hair Partner;Comprehensive National Database - All Regions Included
SH-CLEAN-0456;Worms UV-Weft Lounge #3;Bürgermeister-Neubauer-Straße 5;67549;Worms;+49 386 281749;Hair Extensions, UV-LED Wefts & Professional Hair Care;Simple Hair Partner;Comprehensive National Database - All Regions Included
SH-CLEAN-0457;Worms Haar-Atelier #4;K<bos>4 52;67550;Worms;+49 382 623803;Hair Extensions, UV-LED Wefts & Professional Hair Care;Simple Hair Partner;Comprehensive National Database - All Regions Included
SH-CLEAN-0458;Worms Tressen & More #5;Lindenstraße 5;67547;Worms;+49 342 428822;Hair Extensions, UV-LED Wefts & Professional Hair Care;Simple Hair Partner;Comprehensive National Database - All Regions Included
SH-CLEAN-0459;Worms Tressen & More #6;Bürgermeister-Neubauer-Straße 157;67548;Worms;+49 750 582242;Hair Extensions, UV-LED Wefts & Professional Hair Care;Simple Hair Partner;Comprehensive National Database - All Regions Included
SH-CLEAN-0460;Worms Master Hair #7;K<bos>4 73;67549;Worms;+49 345 941495;Hair Extensions, UV-LED Wefts & Professional Hair Care;Simple Hair Partner;Comprehensive National Database - All Regions Included
SH-CLEAN-0461;Saarbrücken Master Hair #1;Bahnhofstraße 58;66111;Saarbrücken;+49 798 594704;Hair Extensions, UV-LED Wefts & Professional Hair Care;Simple Hair Partner;Comprehensive National Database - All Regions Included
SH-CLEAN-0462;Saarbrücken Hair Studio #2;Futterstraße 84;66112;Saarbrücken;+49 409 489127;Hair Extensions, UV-LED Wefts & Professional Hair Care;Simple Hair Partner;Comprehensive National Database - All Regions Included
SH-CLEAN-0463;Saarbrücken Coiffeur #3;St. Johanner Markt 6;66113;Saarbrücken;+49 504 624226;Hair Extensions, UV-LED Wefts & Professional Hair Care;Simple Hair Partner;Comprehensive National Database - All Regions Included
SH-CLEAN-0464;Saarbrücken Hair Studio #4;Bahnhofstraße 105;66114;Saarbrücken;+49 983 992300;Hair Extensions, UV-LED Wefts & Professional Hair Care;Simple Hair Partner;Comprehensive National Database - All Regions Included
SH-CLEAN-0465;Saarbrücken Master Hair #5;Futterstraße 153;66111;Saarbrücken;+49 971 601106;Hair Extensions, UV-LED Wefts & Professional Hair Care;Simple Hair Partner;Comprehensive National Database - All Regions Included
SH-CLEAN-0466;Neunkirchen Coiffeur #1;Saarbrücker Straße 57;66538;Neunkirchen;+49 590 226272;Hair Extensions, UV-LED Wefts & Professional Hair Care;Simple Hair Partner;Comprehensive National Database - All Regions Included
SH-CLEAN-0467;Neunkirchen UV-Weft Lounge #2;Bahnhofstraße 146;66539;Neunkirchen;+49 817 494869;Hair Extensions, UV-LED Wefts & Professional Hair Care;Simple Hair Partner;Comprehensive National Database - All Regions Included
SH-CLEAN-0468;Neunkirchen Hair Studio #3;Saarbrücker Straße 89;66540;Neunkirchen;+49 869 299458;Hair Extensions, UV-LED Wefts & Professional Hair Care;Simple Hair Partner;Comprehensive National Database - All Regions Included
SH-CLEAN-0469;Neunkirchen Hair Studio #4;Bahnhofstraße 51;66541;Neunkirchen;+49 424 650817;Hair Extensions, UV-LED Wefts & Professional Hair Care;Simple Hair Partner;Comprehensive National Database - All Regions Included
SH-CLEAN-0470;Neunkirchen Extensions Experts #5;Saarbrücker Straße 136;66538;Neunkirchen;+49 406 281854;Hair Extensions, UV-LED Wefts & Professional Hair Care;Simple Hair Partner;Comprehensive National Database - All Regions Included
SH-CLEAN-0471;Neunkirchen Tressen & More #6;Bahnhofstraße 67;66539;Neunkirchen;+49 493 891056;Hair Extensions, UV-LED Wefts & Professional Hair Care;Simple Hair Partner;Comprehensive National Database - All Regions Included
SH-CLEAN-0472;Neunkirchen UV-Weft Lounge #7;Saarbrücker Straße 48;66540;Neunkirchen;+49 305 105359;Hair Extensions, UV-LED Wefts & Professional Hair Care;Simple Hair Partner;Comprehensive National Database - All Regions Included
SH-CLEAN-0473;Neunkirchen UV-Weft Lounge #8;Bahnhofstraße 80;66541;Neunkirchen;+49 466 556209;Hair Extensions, UV-LED Wefts & Professional Hair Care;Simple Hair Partner;Comprehensive National Database - All Regions Included
SH-CLEAN-0474;Saarlouis Haar-Atelier #1;Große Marketstraße 4;66740;Saarlouis;+49 882 511017;Hair Extensions, UV-LED Wefts & Professional Hair Care;Simple Hair Partner;Comprehensive National Database - All Regions Included
SH-CLEAN-0475;Saarlouis Master Hair #2;Kaiser-Friedrich-Ring 105;66741;Saarlouis;+49 865 702586;Hair Extensions, UV-LED Wefts & Professional Hair Care;Simple Hair Partner;Comprehensive National Database - All Regions Included
SH-CLEAN-0476;Saarlouis UV-Weft Lounge #3;Große Marketstraße 90;66742;Saarlouis;+49 517 590272;Hair Extensions, UV-LED Wefts & Professional Hair Care;Simple Hair Partner;Comprehensive National Database - All Regions Included
SH-CLEAN-0477;Saarlouis Tressen & More #4;Kaiser-Friedrich-Ring 127;66743;Saarlouis;+49 356 876422;Hair Extensions, UV-LED Wefts & Professional Hair Care;Simple Hair Partner;Comprehensive National Database - All Regions Included
SH-CLEAN-0478;Saarlouis Hair Studio #5;Große Marketstraße 47;66740;Saarlouis;+49 642 804591;Hair Extensions, UV-LED Wefts & Professional Hair Care;Simple Hair Partner;Comprehensive National Database - All Regions Included
SH-CLEAN-0479;Stuttgart Coiffeur #1;Königstraße 93;70173;Stuttgart;+49 951 156389;Hair Extensions, UV-LED Wefts & Professional Hair Care;Simple Hair Partner;Comprehensive National Database - All Regions Included
SH-CLEAN-0480;Stuttgart Tressen & More #2;Calwer Straße 2;70174;Stuttgart;+49 377 736387;Hair Extensions, UV-LED Wefts & Professional Hair Care;Simple Hair Partner;Comprehensive National Database - All Regions Included
SH-CLEAN-0481;Stuttgart Coiffeur #3;Theodor-Heuss-Straße 26;70175;Stuttgart;+49 517 795183;Hair Extensions, UV-LED Wefts & Professional Hair Care;Simple Hair Partner;Comprehensive National Database - All Regions Included
SH-CLEAN-0482;Stuttgart UV-Weft Lounge #4;Königstraße 94;70176;Stuttgart;+49 969 378778;Hair Extensions, UV-LED Wefts & Professional Hair Care;Simple Hair Partner;Comprehensive National Database - All Regions Included
SH-CLEAN-0483;Stuttgart Coiffeur #5;Calwer Straße 147;70173;Stuttgart;+49 515 662047;Hair Extensions, UV-LED Wefts & Professional Hair Care;Simple Hair Partner;Comprehensive National Database - All Regions Included
SH-CLEAN-0484;Mannheim Tressen & More #1;Planken 134;68161;Mannheim;+49 762 141356;Hair Extensions, UV-LED Wefts & Professional Hair Care;Simple Hair Partner;Comprehensive National Database - All Regions Included
SH-CLEAN-0485;Mannheim Haar-Atelier #2;Breite Straße 78;68162;Mannheim;+49 490 508120;Hair Extensions, UV-LED Wefts & Professional Hair Care;Simple Hair Partner;Comprehensive National Database - All Regions Included
SH-CLEAN-0486;Mannheim Extensions Experts #3;Fressgasse 8;68163;Mannheim;+49 265 666677;Hair Extensions, UV-LED Wefts & Professional Hair Care;Simple Hair Partner;Comprehensive National Database - All Regions Included
SH-CLEAN-0487;Mannheim Haar-Atelier #4;Planken 16;68164;Mannheim;+49 946 189396;Hair Extensions, UV-LED Wefts & Professional Hair Care;Simple Hair Partner;Comprehensive National Database - All Regions Included
SH-CLEAN-0488;Mannheim Hair Studio #5;Breite Straße 67;68161;Mannheim;+49 754 327952;Hair Extensions, UV-LED Wefts & Professional Hair Care;Simple Hair Partner;Comprehensive National Database - All Regions Included
SH-CLEAN-0489;Mannheim UV-Weft Lounge #6;Fressgasse 12;68162;Mannheim;+49 720 821106;Hair Extensions, UV-LED Wefts & Professional Hair Care;Simple Hair Partner;Comprehensive National Database - All Regions Included
SH-CLEAN-0490;Karlsruhe Hair Studio #1;Kaiserstraße 133;76133;Karlsruhe;+49 330 397754;Hair Extensions, UV-LED Wefts & Professional Hair Care;Simple Hair Partner;Comprehensive National Database - All Regions Included
SH-CLEAN-0491;Karlsruhe Haar-Atelier #2;Lammstraße 68;76134;Karlsruhe;+49 759 535603;Hair Extensions, UV-LED Wefts & Professional Hair Care;Simple Hair Partner;Comprehensive National Database - All Regions Included
SH-CLEAN-0492;Karlsruhe UV-Weft Lounge #3;Herrenstraße 70;76135;Karlsruhe;+49 384 685424;Hair Extensions, UV-LED Wefts & Professional Hair Care;Simple Hair Partner;Comprehensive National Database - All Regions Included
SH-CLEAN-0493;Karlsruhe Master Hair #4;Kaiserstraße 49;76136;Karlsruhe;+49 420 705811;Hair Extensions, UV-LED Wefts & Professional Hair Care;Simple Hair Partner;Comprehensive National Database - All Regions Included
SH-CLEAN-0494;Karlsruhe Tressen & More #5;Lammstraße 118;76133;Karlsruhe;+49 451 120273;Hair Extensions, UV-LED Wefts & Professional Hair Care;Simple Hair Partner;Comprehensive National Database - All Regions Included
SH-CLEAN-0495;Karlsruhe Haar-Atelier #6;Herrenstraße 44;76134;Karlsruhe;+49 625 747830;Hair Extensions, UV-LED Wefts & Professional Hair Care;Simple Hair Partner;Comprehensive National Database - All Regions Included
SH-CLEAN-0496;Karlsruhe Hair Studio #7;Kaiserstraße 128;76135;Karlsruhe;+49 546 398499;Hair Extensions, UV-LED Wefts & Professional Hair Care;Simple Hair Partner;Comprehensive National Database - All Regions Included
SH-CLEAN-0497;Karlsruhe Extensions Experts #8;Lammstraße 134;76136;Karlsruhe;+49 232 306941;Hair Extensions, UV-LED Wefts & Professional Hair Care;Simple Hair Partner;Comprehensive National Database - All Regions Included
SH-CLEAN-0498;Freiburg im Breisgau Extensions Experts #1;Kaiser-Joseph-Straße 35;79098;Freiburg im Breisgau;+49 574 827679;Hair Extensions, UV-LED Wefts & Professional Hair Care;Simple Hair Partner;Comprehensive National Database - All Regions Included
SH-CLEAN-0499;Freiburg im Breisgau Haar-Atelier #2;Schusterstraße 92;79099;Freiburg im Breisgau;+49 531 676669;Hair Extensions, UV-LED Wefts & Professional Hair Care;Simple Hair Partner;Comprehensive National Database - All Regions Included
SH-CLEAN-0500;Freiburg im Breisgau Master Hair #3;Gerberau 94;79100;Freiburg im Breisgau;+49 812 869075;Hair Extensions, UV-LED Wefts & Professional Hair Care;Simple Hair Partner;Comprehensive National Database - All Regions Included
SH-CLEAN-0501;Freiburg im Breisgau Hair Studio #4;Kaiser-Joseph-Straße 12;79101;Freiburg im Breisgau;+49 855 805691;Hair Extensions, UV-LED Wefts & Professional Hair Care;Simple Hair Partner;Comprehensive National Database - All Regions Included
SH-CLEAN-0502;Freiburg im Breisgau Coiffeur #5;Schusterstraße 150;79098;Freiburg im Breisgau;+49 534 366745;Hair Extensions, UV-LED Wefts & Professional Hair Care;Simple Hair Partner;Comprehensive National Database - All Regions Included
SH-CLEAN-0503;Freiburg im Breisgau UV-Weft Lounge #6;Gerberau 49;79099;Freiburg im Breisgau;+49 918 451097;Hair Extensions, UV-LED Wefts & Professional Hair Care;Simple Hair Partner;Comprehensive National Database - All Regions Included
SH-CLEAN-0504;Freiburg im Breisgau Tressen & More #7;Kaiser-Joseph-Straße 64;79100;Freiburg im Breisgau;+49 492 842086;Hair Extensions, UV-LED Wefts & Professional Hair Care;Simple Hair Partner;Comprehensive National Database - All Regions Included
SH-CLEAN-0505;Freiburg im Breisgau Master Hair #8;Schusterstraße 139;79101;Freiburg im Breisgau;+49 774 699413;Hair Extensions, UV-LED Wefts & Professional Hair Care;Simple Hair Partner;Comprehensive National Database - All Regions Included
SH-CLEAN-0506;Heidelberg Extensions Experts #1;Hauptstraße 83;69117;Heidelberg;+49 704 900948;Hair Extensions, UV-LED Wefts & Professional Hair Care;Simple Hair Partner;Comprehensive National Database - All Regions Included
SH-CLEAN-0507;Heidelberg Haar-Atelier #2;Plöck 158;69118;Heidelberg;+49 953 545002;Hair Extensions, UV-LED Wefts & Professional Hair Care;Simple Hair Partner;Comprehensive National Database - All Regions Included
SH-CLEAN-0508;Heidelberg Master Hair #3;Sofienstraße 92;69119;Heidelberg;+49 705 612369;Hair Extensions, UV-LED Wefts & Professional Hair Care;Simple Hair Partner;Comprehensive National Database - All Regions Included
SH-CLEAN-0509;Heidelberg UV-Weft Lounge #4;Hauptstraße 15;69120;Heidelberg;+49 830 775937;Hair Extensions, UV-LED Wefts & Professional Hair Care;Simple Hair Partner;Comprehensive National Database - All Regions Included
SH-CLEAN-0510;Heidelberg Tressen & More #5;Plöck 26;69117;Heidelberg;+49 767 246949;Hair Extensions, UV-LED Wefts & Professional Hair Care;Simple Hair Partner;Comprehensive National Database - All Regions Included
SH-CLEAN-0511;Heidelberg Master Hair #6;Sofienstraße 137;69118;Heidelberg;+49 498 617625;Hair Extensions, UV-LED Wefts & Professional Hair Care;Simple Hair Partner;Comprehensive National Database - All Regions Included
SH-CLEAN-0512;Ulm Haar-Atelier #1;Hirschstraße 71;89073;Ulm;+49 320 230238;Hair Extensions, UV-LED Wefts & Professional Hair Care;Simple Hair Partner;Comprehensive National Database - All Regions Included
SH-CLEAN-0513;Ulm Tressen & More #2;Münsterplatz 46;89074;Ulm;+49 565 251460;Hair Extensions, UV-LED Wefts & Professional Hair Care;Simple Hair Partner;Comprehensive National Database - All Regions Included
SH-CLEAN-0514;Ulm Extensions Experts #3;Pfaffengasse 93;89075;Ulm;+49 270 761371;Hair Extensions, UV-LED Wefts & Professional Hair Care;Simple Hair Partner;Comprehensive National Database - All Regions Included
SH-CLEAN-0515;Ulm Haar-Atelier #4;Hirschstraße 55;89076;Ulm;+49 279 558560;Hair Extensions, UV-LED Wefts & Professional Hair Care;Simple Hair Partner;Comprehensive National Database - All Regions Included
SH-CLEAN-0516;Ulm Extensions Experts #5;Münsterplatz 29;89073;Ulm;+49 869 552608;Hair Extensions, UV-LED Wefts & Professional Hair Care;Simple Hair Partner;Comprehensive National Database - All Regions Included
SH-CLEAN-0517;Heilbronn Extensions Experts #1;Kaiserstraße 113;74072;Heilbronn;+49 378 640166;Hair Extensions, UV-LED Wefts & Professional Hair Care;Simple Hair Partner;Comprehensive National Database - All Regions Included
SH-CLEAN-0518;Heilbronn Hair Studio #2;Allee 62;74073;Heilbronn;+49 418 648428;Hair Extensions, UV-LED Wefts & Professional Hair Care;Simple Hair Partner;Comprehensive National Database - All Regions Included
SH-CLEAN-0519;Heilbronn Coiffeur #3;Fleiner Straße 41;74074;Heilbronn;+49 247 776553;Hair Extensions, UV-LED Wefts & Professional Hair Care;Simple Hair Partner;Comprehensive National Database - All Regions Included
SH-CLEAN-0520;Heilbronn UV-Weft Lounge #4;Kaiserstraße 2;74075;Heilbronn;+49 361 916243;Hair Extensions, UV-LED Wefts & Professional Hair Care;Simple Hair Partner;Comprehensive National Database - All Regions Included
SH-CLEAN-0521;Heilbronn Coiffeur #5;Allee 31;74072;Heilbronn;+49 546 137907;Hair Extensions, UV-LED Wefts & Professional Hair Care;Simple Hair Partner;Comprehensive National Database - All Regions Included
SH-CLEAN-0522;Pforzheim Master Hair #1;Leopoldstraße 123;75175;Pforzheim;+49 590 461724;Hair Extensions, UV-LED Wefts & Professional Hair Care;Simple Hair Partner;Comprehensive National Database - All Regions Included
SH-CLEAN-0523;Pforzheim Haar-Atelier #2;Schmuckstraße 48;75176;Pforzheim;+49 248 246395;Hair Extensions, UV-LED Wefts & Professional Hair Care;Simple Hair Partner;Comprehensive National Database - All Regions Included
SH-CLEAN-0524;Pforzheim Coiffeur #3;Poststraße 110;75177;Pforzheim;+49 731 229673;Hair Extensions, UV-LED Wefts & Professional Hair Care;Simple Hair Partner;Comprehensive National Database - All Regions Included
SH-CLEAN-0525;Pforzheim UV-Weft Lounge #4;Leopoldstraße 70;75178;Pforzheim;+49 266 908443;Hair Extensions, UV-LED Wefts & Professional Hair Care;Simple Hair Partner;Comprehensive National Database - All Regions Included
SH-CLEAN-0526;Pforzheim Hair Studio #5;Schmuckstraße 138;75175;Pforzheim;+49 218 677797;Hair Extensions, UV-LED Wefts & Professional Hair Care;Simple Hair Partner;Comprehensive National Database - All Regions Included
SH-CLEAN-0527;Pforzheim Hair Studio #6;Poststraße 158;75176;Pforzheim;+49 559 261819;Hair Extensions, UV-LED Wefts & Professional Hair Care;Simple Hair Partner;Comprehensive National Database - All Regions Included
SH-CLEAN-0528;Reutlingen Tressen & More #1;Wilhelmstraße 135;72764;Reutlingen;+49 665 156967;Hair Extensions, UV-LED Wefts & Professional Hair Care;Simple Hair Partner;Comprehensive National Database - All Regions Included
SH-CLEAN-0529;Reutlingen Coiffeur #2;Kornhausstraße 14;72765;Reutlingen;+49 267 759871;Hair Extensions, UV-LED Wefts & Professional Hair Care;Simple Hair Partner;Comprehensive National Database - All Regions Included
SH-CLEAN-0530;Reutlingen Hair Studio #3;Wilhelmstraße 43;72766;Reutlingen;+49 598 906587;Hair Extensions, UV-LED Wefts & Professional Hair Care;Simple Hair Partner;Comprehensive National Database - All Regions Included
SH-CLEAN-0531;Reutlingen Coiffeur #4;Kornhausstraße 49;72767;Reutlingen;+49 729 894984;Hair Extensions, UV-LED Wefts & Professional Hair Care;Simple Hair Partner;Comprehensive National Database - All Regions Included
SH-CLEAN-0532;Reutlingen Haar-Atelier #5;Wilhelmstraße 22;72764;Reutlingen;+49 815 157211;Hair Extensions, UV-LED Wefts & Professional Hair Care;Simple Hair Partner;Comprehensive National Database - All Regions Included
SH-CLEAN-0533;Reutlingen Tressen & More #6;Kornhausstraße 103;72765;Reutlingen;+49 998 665464;Hair Extensions, UV-LED Wefts & Professional Hair Care;Simple Hair Partner;Comprehensive National Database - All Regions Included
SH-CLEAN-0534;Reutlingen Tressen & More #7;Wilhelmstraße 118;72766;Reutlingen;+49 519 196645;Hair Extensions, UV-LED Wefts & Professional Hair Care;Simple Hair Partner;Comprehensive National Database - All Regions Included
SH-CLEAN-0535;Reutlingen Tressen & More #8;Kornhausstraße 34;72767;Reutlingen;+49 697 880192;Hair Extensions, UV-LED Wefts & Professional Hair Care;Simple Hair Partner;Comprehensive National Database - All Regions Included
SH-CLEAN-0536;Esslingen am Neckar UV-Weft Lounge #1;Pliensaustraße 29;73728;Esslingen am Neckar;+49 634 467704;Hair Extensions, UV-LED Wefts & Professional Hair Care;Simple Hair Partner;Comprehensive National Database - All Regions Included
SH-CLEAN-0537;Esslingen am Neckar Coiffeur #2;Bahnhofstraße 129;73729;Esslingen am Neckar;+49 589 442671;Hair Extensions, UV-LED Wefts & Professional Hair Care;Simple Hair Partner;Comprehensive National Database - All Regions Included
SH-CLEAN-0538;Esslingen am Neckar Coiffeur #3;Küferstraße 91;73730;Esslingen am Neckar;+49 562 207429;Hair Extensions, UV-LED Wefts & Professional Hair Care;Simple Hair Partner;Comprehensive National Database - All Regions Included
SH-CLEAN-0539;Esslingen am Neckar Master Hair #4;Pliensaustraße 16;73731;Esslingen am Neckar;+49 991 965857;Hair Extensions, UV-LED Wefts & Professional Hair Care;Simple Hair Partner;Comprehensive National Database - All Regions Included
SH-CLEAN-0540;Esslingen am Neckar Extensions Experts #5;Bahnhofstraße 98;73728;Esslingen am Neckar;+49 284 589084;Hair Extensions, UV-LED Wefts & Professional Hair Care;Simple Hair Partner;Comprehensive National Database - All Regions Included
SH-CLEAN-0541;Esslingen am Neckar Haar-Atelier #6;Küferstraße 133;73729;Esslingen am Neckar;+49 750 490300;Hair Extensions, UV-LED Wefts & Professional Hair Care;Simple Hair Partner;Comprehensive National Database - All Regions Included
SH-CLEAN-0542;Tübingen Master Hair #1;Neckargasse 126;72070;Tübingen;+49 779 179849;Hair Extensions, UV-LED Wefts & Professional Hair Care;Simple Hair Partner;Comprehensive National Database - All Regions Included
SH-CLEAN-0543;Tübingen Haar-Atelier #2;Wohnlichstraße 142;72071;Tübingen;+49 231 293194;Hair Extensions, UV-LED Wefts & Professional Hair Care;Simple Hair Partner;Comprehensive National Database - All Regions Included
SH-CLEAN-0544;Tübingen Tressen & More #3;Münzgasse 107;72072;Tübingen;+49 956 856462;Hair Extensions, UV-LED Wefts & Professional Hair Care;Simple Hair Partner;Comprehensive National Database - All Regions Included
SH-CLEAN-0545;Tübingen Extensions Experts #4;Neckargasse 97;72073;Tübingen;+49 661 648570;Hair Extensions, UV-LED Wefts & Professional Hair Care;Simple Hair Partner;Comprehensive National Database - All Regions Included
SH-CLEAN-0546;Tübingen Haar-Atelier #5;Wohnlichstraße 73;72070;Tübingen;+49 983 908391;Hair Extensions, UV-LED Wefts & Professional Hair Care;Simple Hair Partner;Comprehensive National Database - All Regions Included
SH-CLEAN-0547;Tübingen Master Hair #6;Münzgasse 96;72071;Tübingen;+49 721 607376;Hair Extensions, UV-LED Wefts & Professional Hair Care;Simple Hair Partner;Comprehensive National Database - All Regions Included
SH-CLEAN-0548;Tübingen UV-Weft Lounge #7;Neckargasse 58;72072;Tübingen;+49 680 452389;Hair Extensions, UV-LED Wefts & Professional Hair Care;Simple Hair Partner;Comprehensive National Database - All Regions Included
SH-CLEAN-0549;Konstanz Haar-Atelier #1;Hussenstraße 21;78462;Konstanz;+49 522 349231;Hair Extensions, UV-LED Wefts & Professional Hair Care;Simple Hair Partner;Comprehensive National Database - All Regions Included
SH-CLEAN-0550;Konstanz Master Hair #2;Kanzleistraße 52;78463;Konstanz;+49 277 322119;Hair Extensions, UV-LED Wefts & Professional Hair Care;Simple Hair Partner;Comprehensive National Database - All Regions Included
SH-CLEAN-0551;Konstanz Haar-Atelier #3;Rosgartenstraße 142;78464;Konstanz;+49 788 835806;Hair Extensions, UV-LED Wefts & Professional Hair Care;Simple Hair Partner;Comprehensive National Database - All Regions Included
SH-CLEAN-0552;Konstanz Extensions Experts #4;Hussenstraße 110;78465;Konstanz;+49 238 600746;Hair Extensions, UV-LED Wefts & Professional Hair Care;Simple Hair Partner;Comprehensive National Database - All Regions Included
SH-CLEAN-0553;Konstanz Tressen & More #5;Kanzleistraße 48;78462;Konstanz;+49 540 165023;Hair Extensions, UV-LED Wefts & Professional Hair Care;Simple Hair Partner;Comprehensive National Database - All Regions Included
SH-CLEAN-0554;Konstanz Tressen & More #6;Rosgartenstraße 1;78463;Konstanz;+49 247 422688;Hair Extensions, UV-LED Wefts & Professional Hair Care;Simple Hair Partner;Comprehensive National Database - All Regions Included
SH-CLEAN-0555;Konstanz Tressen & More #7;Hussenstraße 24;78464;Konstanz;+49 728 242641;Hair Extensions, UV-LED Wefts & Professional Hair Care;Simple Hair Partner;Comprehensive National Database - All Regions Included
SH-CLEAN-0556;Konstanz Coiffeur #8;Kanzleistraße 84;78465;Konstanz;+49 486 765894;Hair Extensions, UV-LED Wefts & Professional Hair Care;Simple Hair Partner;Comprehensive National Database - All Regions Included
SH-CLEAN-0557;Aalen Extensions Experts #1;Reichsstädter Straße 27;73430;Aalen;+49 355 694995;Hair Extensions, UV-LED Wefts & Professional Hair Care;Simple Hair Partner;Comprehensive National Database - All Regions Included
SH-CLEAN-0558;Aalen Haar-Atelier #2;Gmünder Straße 19;73431;Aalen;+49 538 640700;Hair Extensions, UV-LED Wefts & Professional Hair Care;Simple Hair Partner;Comprehensive National Database - All Regions Included
SH-CLEAN-0559;Aalen UV-Weft Lounge #3;Reichsstädter Straße 50;73432;Aalen;+49 829 497327;Hair Extensions, UV-LED Wefts & Professional Hair Care;Simple Hair Partner;Comprehensive National Database - All Regions Included
SH-CLEAN-0560;Aalen Haar-Atelier #4;Gmünder Straße 127;73433;Aalen;+49 417 662792;Hair Extensions, UV-LED Wefts & Professional Hair Care;Simple Hair Partner;Comprehensive National Database - All Regions Included
SH-CLEAN-0561;Aalen Haar-Atelier #5;Reichsstädter Straße 22;73430;Aalen;+49 465 247149;Hair Extensions, UV-LED Wefts & Professional Hair Care;Simple Hair Partner;Comprehensive National Database - All Regions Included
SH-CLEAN-0562;Aalen Haar-Atelier #6;Gmünder Straße 97;73431;Aalen;+49 792 967046;Hair Extensions, UV-LED Wefts & Professional Hair Care;Simple Hair Partner;Comprehensive National Database - All Regions Included
SH-CLEAN-0563;Sindelfingen Hair Studio #1;Planiestraße 25;71063;Sindelfingen;+49 428 750534;Hair Extensions, UV-LED Wefts & Professional Hair Care;Simple Hair Partner;Comprehensive National Database - All Regions Included
SH-CLEAN-0564;Sindelfingen Master Hair #2;Langen Straße 119;71064;Sindelfingen;+49 254 956330;Hair Extensions, UV-LED Wefts & Professional Hair Care;Simple Hair Partner;Comprehensive National Database - All Regions Included
SH-CLEAN-0565;Sindelfingen Coiffeur #3;Planiestraße 60;71065;Sindelfingen;+49 588 782956;Hair Extensions, UV-LED Wefts & Professional Hair Care;Simple Hair Partner;Comprehensive National Database - All Regions Included
SH-CLEAN-0566;Sindelfingen Hair Studio #4;Langen Straße 159;71066;Sindelfingen;+49 527 548694;Hair Extensions, UV-LED Wefts & Professional Hair Care;Simple Hair Partner;Comprehensive National Database - All Regions Included
SH-CLEAN-0567;Sindelfingen Haar-Atelier #5;Planiestraße 31;71063;Sindelfingen;+49 255 112237;Hair Extensions, UV-LED Wefts & Professional Hair Care;Simple Hair Partner;Comprehensive National Database - All Regions Included
SH-CLEAN-0568;München Haar-Atelier #1;Marienplatz 45;80331;München;+49 880 687626;Hair Extensions, UV-LED Wefts & Professional Hair Care;Simple Hair Partner;Comprehensive National Database - All Regions Included
SH-CLEAN-0569;München Extensions Experts #2;Kaufingerstraße 70;80332;München;+49 582 473399;Hair Extensions, UV-LED Wefts & Professional Hair Care;Simple Hair Partner;Comprehensive National Database - All Regions Included
SH-CLEAN-0570;München Haar-Atelier #3;Leopoldstraße 149;80333;München;+49 631 754695;Hair Extensions, UV-LED Wefts & Professional Hair Care;Simple Hair Partner;Comprehensive National Database - All Regions Included
SH-CLEAN-0571;München Haar-Atelier #4;Sendlinger Straße 120;80334;München;+49 730 172246;Hair Extensions, UV-LED Wefts & Professional Hair Care;Simple Hair Partner;Comprehensive National Database - All Regions Included
SH-CLEAN-0572;München Master Hair #5;Marienplatz 5;80331;München;+49 633 410839;Hair Extensions, UV-LED Wefts & Professional Hair Care;Simple Hair Partner;Comprehensive National Database - All Regions Included
SH-CLEAN-0573;München Coiffeur #6;Kaufingerstraße 13;80332;München;+49 884 940562;Hair Extensions, UV-LED Wefts & Professional Hair Care;Simple Hair Partner;Comprehensive National Database - All Regions Included
SH-CLEAN-0574;Nürnberg Coiffeur #1;Königstraße 108;90402;Nürnberg;+49 547 459196;Hair Extensions, UV-LED Wefts & Professional Hair Care;Simple Hair Partner;Comprehensive National Database - All Regions Included
SH-CLEAN-0575;Nürnberg Coiffeur #2;Breite Gasse 97;90403;Nürnberg;+49 994 246425;Hair Extensions, UV-LED Wefts & Professional Hair Care;Simple Hair Partner;Comprehensive National Database - All Regions Included
SH-CLEAN-0576;Nürnberg UV-Weft Lounge #3;Karolinenstraße 44;90404;Nürnberg;+49 548 424286;Hair Extensions, UV-LED Wefts & Professional Hair Care;Simple Hair Partner;Comprehensive National Database - All Regions Included
SH-CLEAN-0577;Nürnberg Master Hair #4;Königstraße 49;90405;Nürnberg;+49 623 571547;Hair Extensions, UV-LED Wefts & Professional Hair Care;Simple Hair Partner;Comprehensive National Database - All Regions Included
SH-CLEAN-0578;Nürnberg Haar-Atelier #5;Breite Gasse 136;90402;Nürnberg;+49 769 669610;Hair Extensions, UV-LED Wefts & Professional Hair Care;Simple Hair Partner;Comprehensive National Database - All Regions Included
SH-CLEAN-0579;Nürnberg Haar-Atelier #6;Karolinenstraße 133;90403;Nürnberg;+49 460 484648;Hair Extensions, UV-LED Wefts & Professional Hair Care;Simple Hair Partner;Comprehensive National Database - All Regions Included
SH-CLEAN-0580;Nürnberg Coiffeur #7;Königstraße 136;90404;Nürnberg;+49 253 877468;Hair Extensions, UV-LED Wefts & Professional Hair Care;Simple Hair Partner;Comprehensive National Database - All Regions Included
SH-CLEAN-0581;Augsburg Coiffeur #1;Annastraße 5;86150;Augsburg;+49 667 145966;Hair Extensions, UV-LED Wefts & Professional Hair Care;Simple Hair Partner;Comprehensive National Database - All Regions Included
SH-CLEAN-0582;Augsburg Extensions Experts #2;Bürgermeister-Fischer-Straße 39;86151;Augsburg;+49 231 170694;Hair Extensions, UV-LED Wefts & Professional Hair Care;Simple Hair Partner;Comprehensive National Database - All Regions Included
SH-CLEAN-0583;Augsburg Coiffeur #3;Steingasse 33;86152;Augsburg;+49 428 850485;Hair Extensions, UV-LED Wefts & Professional Hair Care;Simple Hair Partner;Comprehensive National Database - All Regions Included
SH-CLEAN-0584;Augsburg Coiffeur #4;Annastraße 117;86153;Augsburg;+49 297 948008;Hair Extensions, UV-LED Wefts & Professional Hair Care;Simple Hair Partner;Comprehensive National Database - All Regions Included
SH-CLEAN-0585;Augsburg UV-Weft Lounge #5;Bürgermeister-Fischer-Straße 60;86150;Augsburg;+49 716 142782;Hair Extensions, UV-LED Wefts & Professional Hair Care;Simple Hair Partner;Comprehensive National Database - All Regions Included
SH-CLEAN-0586;Augsburg UV-Weft Lounge #6;Steingasse 4;86151;Augsburg;+49 729 942534;Hair Extensions, UV-LED Wefts & Professional Hair Care;Simple Hair Partner;Comprehensive National Database - All Regions Included
SH-CLEAN-0587;Augsburg Coiffeur #7;Annastraße 34;86152;Augsburg;+49 887 216849;Hair Extensions, UV-LED Wefts & Professional Hair Care;Simple Hair Partner;Comprehensive National Database - All Regions Included
SH-CLEAN-0588;Regensburg Coiffeur #1;Neupfarrplatz 152;93047;Regensburg;+49 827 307300;Hair Extensions, UV-LED Wefts & Professional Hair Care;Simple Hair Partner;Comprehensive National Database - All Regions Included
SH-CLEAN-0589;Regensburg Coiffeur #2;Kramgasse 128;93048;Regensburg;+49 236 177799;Hair Extensions, UV-LED Wefts & Professional Hair Care;Simple Hair Partner;Comprehensive National Database - All Regions Included
SH-CLEAN-0590;Regensburg Extensions Experts #3;Maximilianstraße 122;93049;Regensburg;+49 578 984026;Hair Extensions, UV-LED Wefts & Professional Hair Care;Simple Hair Partner;Comprehensive National Database - All Regions Included
SH-CLEAN-0591;Regensburg Extensions Experts #4;Neupfarrplatz 62;93050;Regensburg;+49 912 198090;Hair Extensions, UV-LED Wefts & Professional Hair Care;Simple Hair Partner;Comprehensive National Database - All Regions Included
SH-CLEAN-0592;Regensburg Master Hair #5;Kramgasse 145;93047;Regensburg;+49 590 969280;Hair Extensions, UV-LED Wefts & Professional Hair Care;Simple Hair Partner;Comprehensive National Database - All Regions Included
SH-CLEAN-0593;Regensburg Haar-Atelier #6;Maximilianstraße 107;93048;Regensburg;+49 544 741993;Hair Extensions, UV-LED Wefts & Professional Hair Care;Simple Hair Partner;Comprehensive National Database - All Regions Included
SH-CLEAN-0594;Regensburg Hair Studio #7;Neupfarrplatz 10;93049;Regensburg;+49 919 118558;Hair Extensions, UV-LED Wefts & Professional Hair Care;Simple Hair Partner;Comprehensive National Database - All Regions Included
SH-CLEAN-0595;Regensburg Haar-Atelier #8;Kramgasse 130;93050;Regensburg;+49 776 663111;Hair Extensions, UV-LED Wefts & Professional Hair Care;Simple Hair Partner;Comprehensive National Database - All Regions Included
SH-CLEAN-0596;Würzburg Hair Studio #1;Domstraße 69;97070;Würzburg;+49 688 823562;Hair Extensions, UV-LED Wefts & Professional Hair Care;Simple Hair Partner;Comprehensive National Database - All Regions Included
SH-CLEAN-0597;Würzburg Master Hair #2;Eichhornstraße 154;97071;Würzburg;+49 744 443474;Hair Extensions, UV-LED Wefts & Professional Hair Care;Simple Hair Partner;Comprehensive National Database - All Regions Included
SH-CLEAN-0598;Würzburg Extensions Experts #3;Shoppenmauer 98;97072;Würzburg;+49 218 431397;Hair Extensions, UV-LED Wefts & Professional Hair Care;Simple Hair Partner;Comprehensive National Database - All Regions Included
SH-CLEAN-0599;Würzburg Coiffeur #4;Domstraße 94;97073;Würzburg;+49 662 372964;Hair Extensions, UV-LED Wefts & Professional Hair Care;Simple Hair Partner;Comprehensive National Database - All Regions Included
SH-CLEAN-0600;Würzburg Haar-Atelier #5;Eichhornstraße 142;97070;Würzburg;+49 329 132439;Hair Extensions, UV-LED Wefts & Professional Hair Care;Simple Hair Partner;Comprehensive National Database - All Regions Included
SH-CLEAN-0601;Würzburg Extensions Experts #6;Shoppenmauer 105;97071;Würzburg;+49 221 282702;Hair Extensions, UV-LED Wefts & Professional Hair Care;Simple Hair Partner;Comprehensive National Database - All Regions Included
SH-CLEAN-0602;Würzburg Hair Studio #7;Domstraße 114;97072;Würzburg;+49 687 881453;Hair Extensions, UV-LED Wefts & Professional Hair Care;Simple Hair Partner;Comprehensive National Database - All Regions Included
SH-CLEAN-0603;Würzburg Extensions Experts #8;Eichhornstraße 117;97073;Würzburg;+49 725 272819;Hair Extensions, UV-LED Wefts & Professional Hair Care;Simple Hair Partner;Comprehensive National Database - All Regions Included
SH-CLEAN-0604;Fürth UV-Weft Lounge #1;Schwabacher Straße 101;90762;Fürth;+49 873 483860;Hair Extensions, UV-LED Wefts & Professional Hair Care;Simple Hair Partner;Comprehensive National Database - All Regions Included
SH-CLEAN-0605;Fürth Master Hair #2;Glowatzkystraße 158;90763;Fürth;+49 686 659580;Hair Extensions, UV-LED Wefts & Professional Hair Care;Simple Hair Partner;Comprehensive National Database - All Regions Included
SH-CLEAN-0606;Fürth Master Hair #3;Uferstraße 93;90764;Fürth;+49 542 490849;Hair Extensions, UV-LED Wefts & Professional Hair Care;Simple Hair Partner;Comprehensive National Database - All Regions Included
SH-CLEAN-0607;Fürth Haar-Atelier #4;Schwabacher Straße 157;90765;Fürth;+49 740 439956;Hair Extensions, UV-LED Wefts & Professional Hair Care;Simple Hair Partner;Comprehensive National Database - All Regions Included
SH-CLEAN-0608;Fürth Haar-Atelier #5;Glowatzkystraße 140;90762;Fürth;+49 734 388113;Hair Extensions, UV-LED Wefts & Professional Hair Care;Simple Hair Partner;Comprehensive National Database - All Regions Included
SH-CLEAN-0609;Fürth Master Hair #6;Uferstraße 98;90763;Fürth;+49 401 888737;Hair Extensions, UV-LED Wefts & Professional Hair Care;Simple Hair Partner;Comprehensive National Database - All Regions Included
SH-CLEAN-0610;Fürth Coiffeur #7;Schwabacher Straße 145;90764;Fürth;+49 808 752921;Hair Extensions, UV-LED Wefts & Professional Hair Care;Simple Hair Partner;Comprehensive National Database - All Regions Included
SH-CLEAN-0611;Fürth Extensions Experts #8;Glowatzkystraße 8;90765;Fürth;+49 389 813810;Hair Extensions, UV-LED Wefts & Professional Hair Care;Simple Hair Partner;Comprehensive National Database - All Regions Included
SH-CLEAN-0612;Erlangen Master Hair #1;Hauptstraße 25;91054;Erlangen;+49 830 932861;Hair Extensions, UV-LED Wefts & Professional Hair Care;Simple Hair Partner;Comprehensive National Database - All Regions Included
SH-CLEAN-0613;Erlangen Extensions Experts #2;Nürnberger Straße 123;91055;Erlangen;+49 480 987492;Hair Extensions, UV-LED Wefts & Professional Hair Care;Simple Hair Partner;Comprehensive National Database - All Regions Included
SH-CLEAN-0614;Erlangen Haar-Atelier #3;Fuchsenwiese 21;91056;Erlangen;+49 529 911079;Hair Extensions, UV-LED Wefts & Professional Hair Care;Simple Hair Partner;Comprehensive National Database - All Regions Included
SH-CLEAN-0615;Erlangen Hair Studio #4;Hauptstraße 147;91057;Erlangen;+49 468 746939;Hair Extensions, UV-LED Wefts & Professional Hair Care;Simple Hair Partner;Comprehensive National Database - All Regions Included
SH-CLEAN-0616;Erlangen Master Hair #5;Nürnberger Straße 41;91054;Erlangen;+49 749 393265;Hair Extensions, UV-LED Wefts & Professional Hair Care;Simple Hair Partner;Comprehensive National Database - All Regions Included
SH-CLEAN-0617;Erlangen Hair Studio #6;Fuchsenwiese 92;91055;Erlangen;+49 686 371584;Hair Extensions, UV-LED Wefts & Professional Hair Care;Simple Hair Partner;Comprehensive National Database - All Regions Included
SH-CLEAN-0618;Erlangen UV-Weft Lounge #7;Hauptstraße 17;91056;Erlangen;+49 977 471416;Hair Extensions, UV-LED Wefts & Professional Hair Care;Simple Hair Partner;Comprehensive National Database - All Regions Included
SH-CLEAN-0619;Ingolstadt Extensions Experts #1;Ludwigstraße 105;85049;Ingolstadt;+49 257 141276;Hair Extensions, UV-LED Wefts & Professional Hair Care;Simple Hair Partner;Comprehensive National Database - All Regions Included
SH-CLEAN-0620;Ingolstadt Tressen & More #2;Theresienstraße 157;85050;Ingolstadt;+49 877 190524;Hair Extensions, UV-LED Wefts & Professional Hair Care;Simple Hair Partner;Comprehensive National Database - All Regions Included
SH-CLEAN-0621;Ingolstadt UV-Weft Lounge #3;Milchstraße 136;85051;Ingolstadt;+49 479 270494;Hair Extensions, UV-LED Wefts & Professional Hair Care;Simple Hair Partner;Comprehensive National Database - All Regions Included
SH-CLEAN-0622;Ingolstadt UV-Weft Lounge #4;Ludwigstraße 35;85052;Ingolstadt;+49 408 365419;Hair Extensions, UV-LED Wefts & Professional Hair Care;Simple Hair Partner;Comprehensive National Database - All Regions Included
SH-CLEAN-0623;Ingolstadt Hair Studio #5;Theresienstraße 122;85049;Ingolstadt;+49 911 474937;Hair Extensions, UV-LED Wefts & Professional Hair Care;Simple Hair Partner;Comprehensive National Database - All Regions Included
SH-CLEAN-0624;Ingolstadt Master Hair #6;Milchstraße 5;85050;Ingolstadt;+49 202 595991;Hair Extensions, UV-LED Wefts & Professional Hair Care;Simple Hair Partner;Comprehensive National Database - All Regions Included
SH-CLEAN-0625;Bayreuth Extensions Experts #1;Maximilianstraße 126;95444;Bayreuth;+49 313 712311;Hair Extensions, UV-LED Wefts & Professional Hair Care;Simple Hair Partner;Comprehensive National Database - All Regions Included
SH-CLEAN-0626;Bayreuth UV-Weft Lounge #2;Kanzleistraße 115;95445;Bayreuth;+49 420 776032;Hair Extensions, UV-LED Wefts & Professional Hair Care;Simple Hair Partner;Comprehensive National Database - All Regions Included
SH-CLEAN-0627;Bayreuth Coiffeur #3;Opernstraße 84;95446;Bayreuth;+49 536 173545;Hair Extensions, UV-LED Wefts & Professional Hair Care;Simple Hair Partner;Comprehensive National Database - All Regions Included
SH-CLEAN-0628;Bayreuth UV-Weft Lounge #4;Maximilianstraße 75;95447;Bayreuth;+49 958 555288;Hair Extensions, UV-LED Wefts & Professional Hair Care;Simple Hair Partner;Comprehensive National Database - All Regions Included
SH-CLEAN-0629;Bayreuth Extensions Experts #5;Kanzleistraße 105;95444;Bayreuth;+49 434 376632;Hair Extensions, UV-LED Wefts & Professional Hair Care;Simple Hair Partner;Comprehensive National Database - All Regions Included
SH-CLEAN-0630;Bayreuth Hair Studio #6;Opernstraße 46;95445;Bayreuth;+49 581 626781;Hair Extensions, UV-LED Wefts & Professional Hair Care;Simple Hair Partner;Comprehensive National Database - All Regions Included
SH-CLEAN-0631;Bayreuth Haar-Atelier #7;Maximilianstraße 69;95446;Bayreuth;+49 815 829716;Hair Extensions, UV-LED Wefts & Professional Hair Care;Simple Hair Partner;Comprehensive National Database - All Regions Included
SH-CLEAN-0632;Bamberg Haar-Atelier #1;Lange Straße 58;96047;Bamberg;+49 287 239985;Hair Extensions, UV-LED Wefts & Professional Hair Care;Simple Hair Partner;Comprehensive National Database - All Regions Included
SH-CLEAN-0633;Bamberg Extensions Experts #2;Grüner Markt 124;96048;Bamberg;+49 300 415269;Hair Extensions, UV-LED Wefts & Professional Hair Care;Simple Hair Partner;Comprehensive National Database - All Regions Included
SH-CLEAN-0634;Bamberg Hair Studio #3;E.T.A.-Hoffmann-Platz 37;96049;Bamberg;+49 797 521235;Hair Extensions, UV-LED Wefts & Professional Hair Care;Simple Hair Partner;Comprehensive National Database - All Regions Included
SH-CLEAN-0635;Bamberg Tressen & More #4;Lange Straße 21;96050;Bamberg;+49 299 775190;Hair Extensions, UV-LED Wefts & Professional Hair Care;Simple Hair Partner;Comprehensive National Database - All Regions Included
SH-CLEAN-0636;Bamberg Tressen & More #5;Grüner Markt 64;96047;Bamberg;+49 584 177212;Hair Extensions, UV-LED Wefts & Professional Hair Care;Simple Hair Partner;Comprehensive National Database - All Regions Included
SH-CLEAN-0637;Bamberg Coiffeur #6;E.T.A.-Hoffmann-Platz 19;96048;Bamberg;+49 781 407035;Hair Extensions, UV-LED Wefts & Professional Hair Care;Simple Hair Partner;Comprehensive National Database - All Regions Included
SH-CLEAN-0638;Bamberg Tressen & More #7;Lange Straße 89;96049;Bamberg;+49 272 674777;Hair Extensions, UV-LED Wefts & Professional Hair Care;Simple Hair Partner;Comprehensive National Database - All Regions Included
SH-CLEAN-0639;Aschaffenburg Master Hair #1;Sandgasse 98;63739;Aschaffenburg;+49 671 609668;Hair Extensions, UV-LED Wefts & Professional Hair Care;Simple Hair Partner;Comprehensive National Database - All Regions Included
SH-CLEAN-0640;Aschaffenburg Extensions Experts #2;Frohsinnstraße 149;63740;Aschaffenburg;+49 956 618086;Hair Extensions, UV-LED Wefts & Professional Hair Care;Simple Hair Partner;Comprehensive National Database - All Regions Included
SH-CLEAN-0641;Aschaffenburg Tressen & More #3;Lange Straße 57;63741;Aschaffenburg;+49 991 910720;Hair Extensions, UV-LED Wefts & Professional Hair Care;Simple Hair Partner;Comprehensive National Database - All Regions Included
SH-CLEAN-0642;Aschaffenburg Tressen & More #4;Sandgasse 94;63742;Aschaffenburg;+49 689 177877;Hair Extensions, UV-LED Wefts & Professional Hair Care;Simple Hair Partner;Comprehensive National Database - All Regions Included
SH-CLEAN-0643;Aschaffenburg Tressen & More #5;Frohsinnstraße 101;63739;Aschaffenburg;+49 498 330225;Hair Extensions, UV-LED Wefts & Professional Hair Care;Simple Hair Partner;Comprehensive National Database - All Regions Included
SH-CLEAN-0644;Aschaffenburg Extensions Experts #6;Lange Straße 33;63740;Aschaffenburg;+49 650 772766;Hair Extensions, UV-LED Wefts & Professional Hair Care;Simple Hair Partner;Comprehensive National Database - All Regions Included
SH-CLEAN-0645;Landshut Tressen & More #1;Altstadt 133;84028;Landshut;+49 506 106214;Hair Extensions, UV-LED Wefts & Professional Hair Care;Simple Hair Partner;Comprehensive National Database - All Regions Included
SH-CLEAN-0646;Landshut UV-Weft Lounge #2;Neustadt 118;84029;Landshut;+49 821 638931;Hair Extensions, UV-LED Wefts & Professional Hair Care;Simple Hair Partner;Comprehensive National Database - All Regions Included
SH-CLEAN-0647;Landshut Tressen & More #3;Ländgasse 74;84030;Landshut;+49 780 215227;Hair Extensions, UV-LED Wefts & Professional Hair Care;Simple Hair Partner;Comprehensive National Database - All Regions Included
SH-CLEAN-0648;Landshut Tressen & More #4;Altstadt 86;84031;Landshut;+49 272 721076;Hair Extensions, UV-LED Wefts & Professional Hair Care;Simple Hair Partner;Comprehensive National Database - All Regions Included
SH-CLEAN-0649;Landshut Hair Studio #5;Neustadt 67;84028;Landshut;+49 252 124965;Hair Extensions, UV-LED Wefts & Professional Hair Care;Simple Hair Partner;Comprehensive National Database - All Regions Included
SH-CLEAN-0650;Landshut Haar-Atelier #6;Ländgasse 29;84029;Landshut;+49 450 312249;Hair Extensions, UV-LED Wefts & Professional Hair Care;Simple Hair Partner;Comprehensive National Database - All Regions Included
SH-CLEAN-0651;Landshut Master Hair #7;Altstadt 137;84030;Landshut;+49 302 253426;Hair Extensions, UV-LED Wefts & Professional Hair Care;Simple Hair Partner;Comprehensive National Database - All Regions Included
SH-CLEAN-0652;Landshut UV-Weft Lounge #8;Neustadt 156;84031;Landshut;+49 255 844323;Hair Extensions, UV-LED Wefts & Professional Hair Care;Simple Hair Partner;Comprehensive National Database - All Regions Included
SH-CLEAN-0653;Kempten Extensions Experts #1;Katoffelfeld 119;87435;Kempten;+49 288 583109;Hair Extensions, UV-LED Wefts & Professional Hair Care;Simple Hair Partner;Comprehensive National Database - All Regions Included
SH-CLEAN-0654;Kempten Master Hair #2;Residenzplatz 83;87436;Kempten;+49 312 957845;Hair Extensions, UV-LED Wefts & Professional Hair Care;Simple Hair Partner;Comprehensive National Database - All Regions Included
SH-CLEAN-0655;Kempten Haar-Atelier #3;Kronenstraße 31;87437;Kempten;+49 651 281997;Hair Extensions, UV-LED Wefts & Professional Hair Care;Simple Hair Partner;Comprehensive National Database - All Regions Included
SH-CLEAN-0656;Kempten Hair Studio #4;Katoffelfeld 20;87438;Kempten;+49 438 854615;Hair Extensions, UV-LED Wefts & Professional Hair Care;Simple Hair Partner;Comprehensive National Database - All Regions Included
SH-CLEAN-0657;Kempten Extensions Experts #5;Residenzplatz 9;87435;Kempten;+49 546 878604;Hair Extensions, UV-LED Wefts & Professional Hair Care;Simple Hair Partner;Comprehensive National Database - All Regions Included
SH-CLEAN-0658;Kempten Extensions Experts #6;Kronenstraße 44;87436;Kempten;+49 205 382397;Hair Extensions, UV-LED Wefts & Professional Hair Care;Simple Hair Partner;Comprehensive National Database - All Regions Included
SH-CLEAN-0659;Rosenheim Haar-Atelier #1;Münchener Straße 50;83022;Rosenheim;+49 273 407764;Hair Extensions, UV-LED Wefts & Professional Hair Care;Simple Hair Partner;Comprehensive National Database - All Regions Included
SH-CLEAN-0660;Rosenheim Master Hair #2;Salinplatz 128;83023;Rosenheim;+49 295 212832;Hair Extensions, UV-LED Wefts & Professional Hair Care;Simple Hair Partner;Comprehensive National Database - All Regions Included
SH-CLEAN-0661;Rosenheim Extensions Experts #3;Königstraße 56;83024;Rosenheim;+49 817 451194;Hair Extensions, UV-LED Wefts & Professional Hair Care;Simple Hair Partner;Comprehensive National Database - All Regions Included
SH-CLEAN-0662;Rosenheim Tressen & More #4;Münchener Straße 102;83025;Rosenheim;+49 827 556988;Hair Extensions, UV-LED Wefts & Professional Hair Care;Simple Hair Partner;Comprehensive National Database - All Regions Included
SH-CLEAN-0663;Rosenheim Master Hair #5;Salinplatz 51;83022;Rosenheim;+49 284 410271;Hair Extensions, UV-LED Wefts & Professional Hair Care;Simple Hair Partner;Comprehensive National Database - All Regions Included
SH-CLEAN-0664;Berlin (Mitte/Pankow/Charlottenburg) UV-Weft Lounge #1;Friedrichstraße 61;10117;Berlin (Mitte/Pankow/Charlottenburg);+49 432 398110;Hair Extensions, UV-LED Wefts & Professional Hair Care;Simple Hair Partner;Comprehensive National Database - All Regions Included
SH-CLEAN-0665;Berlin (Mitte/Pankow/Charlottenburg) Coiffeur #2;Chausseestraße 20;10118;Berlin (Mitte/Pankow/Charlottenburg);+49 851 143816;Hair Extensions, UV-LED Wefts & Professional Hair Care;Simple Hair Partner;Comprehensive National Database - All Regions Included
SH-CLEAN-0666;Berlin (Mitte/Pankow/Charlottenburg) Tressen & More #3;Kastanienallee 109;10119;Berlin (Mitte/Pankow/Charlottenburg);+49 908 915875;Hair Extensions, UV-LED Wefts & Professional Hair Care;Simple Hair Partner;Comprehensive National Database - All Regions Included
SH-CLEAN-0667;Berlin (Mitte/Pankow/Charlottenburg) Master Hair #4;Kantstraße 109;10120;Berlin (Mitte/Pankow/Charlottenburg);+49 353 556012;Hair Extensions, UV-LED Wefts & Professional Hair Care;Simple Hair Partner;Comprehensive National Database - All Regions Included
SH-CLEAN-0668;Berlin (Mitte/Pankow/Charlottenburg) Haar-Atelier #5;Friedrichstraße 74;10117;Berlin (Mitte/Pankow/Charlottenburg);+49 610 722989;Hair Extensions, UV-LED Wefts & Professional Hair Care;Simple Hair Partner;Comprehensive National Database - All Regions Included
SH-CLEAN-0669;Potsdam Coiffeur #1;Brandenburger Straße 150;14467;Potsdam;+49 989 617152;Hair Extensions, UV-LED Wefts & Professional Hair Care;Simple Hair Partner;Comprehensive National Database - All Regions Included
SH-CLEAN-0670;Potsdam Tressen & More #2;Friedrich-Ebert-Straße 48;14468;Potsdam;+49 978 371512;Hair Extensions, UV-LED Wefts & Professional Hair Care;Simple Hair Partner;Comprehensive National Database - All Regions Included
SH-CLEAN-0671;Potsdam Master Hair #3;Schloßstraße 99;14469;Potsdam;+49 521 449857;Hair Extensions, UV-LED Wefts & Professional Hair Care;Simple Hair Partner;Comprehensive National Database - All Regions Included
SH-CLEAN-0672;Potsdam Tressen & More #4;Brandenburger Straße 15;14470;Potsdam;+49 581 803352;Hair Extensions, UV-LED Wefts & Professional Hair Care;Simple Hair Partner;Comprehensive National Database - All Regions Included
SH-CLEAN-0673;Potsdam Haar-Atelier #5;Friedrich-Ebert-Straße 152;14467;Potsdam;+49 464 516140;Hair Extensions, UV-LED Wefts & Professional Hair Care;Simple Hair Partner;Comprehensive National Database - All Regions Included
SH-CLEAN-0674;Potsdam Coiffeur #6;Schloßstraße 131;14468;Potsdam;+49 451 222686;Hair Extensions, UV-LED Wefts & Professional Hair Care;Simple Hair Partner;Comprehensive National Database - All Regions Included
SH-CLEAN-0675;Potsdam Master Hair #7;Brandenburger Straße 100;14469;Potsdam;+49 246 245329;Hair Extensions, UV-LED Wefts & Professional Hair Care;Simple Hair Partner;Comprehensive National Database - All Regions Included
SH-CLEAN-0676;Cottbus Tressen & More #1;Spremberger Straße 44;3046;Cottbus;+49 548 719526;Hair Extensions, UV-LED Wefts & Professional Hair Care;Simple Hair Partner;Comprehensive National Database - All Regions Included
SH-CLEAN-0677;Cottbus Tressen & More #2;Karl-Liebknecht-Straße 59;3047;Cottbus;+49 548 375867;Hair Extensions, UV-LED Wefts & Professional Hair Care;Simple Hair Partner;Comprehensive National Database - All Regions Included
SH-CLEAN-0678;Cottbus Haar-Atelier #3;Berliner Straße 128;3048;Cottbus;+49 430 911435;Hair Extensions, UV-LED Wefts & Professional Hair Care;Simple Hair Partner;Comprehensive National Database - All Regions Included
SH-CLEAN-0679;Cottbus Master Hair #4;Spremberger Straße 115;3049;Cottbus;+49 545 596131;Hair Extensions, UV-LED Wefts & Professional Hair Care;Simple Hair Partner;Comprehensive National Database - All Regions Included
SH-CLEAN-0680;Cottbus Master Hair #5;Karl-Liebknecht-Straße 150;3046;Cottbus;+49 856 921981;Hair Extensions, UV-LED Wefts & Professional Hair Care;Simple Hair Partner;Comprehensive National Database - All Regions Included
SH-CLEAN-0681;Cottbus Haar-Atelier #6;Berliner Straße 27;3047;Cottbus;+49 831 980296;Hair Extensions, UV-LED Wefts & Professional Hair Care;Simple Hair Partner;Comprehensive National Database - All Regions Included
SH-CLEAN-0682;Frankfurt (Oder) Master Hair #1;Große Scharrnstraße 147;15230;Frankfurt (Oder);+49 431 651558;Hair Extensions, UV-LED Wefts & Professional Hair Care;Simple Hair Partner;Comprehensive National Database - All Regions Included
SH-CLEAN-0683;Frankfurt (Oder) Coiffeur #2;Karl-Marx-Straße 153;15231;Frankfurt (Oder);+49 250 707993;Hair Extensions, UV-LED Wefts & Professional Hair Care;Simple Hair Partner;Comprehensive National Database - All Regions Included
SH-CLEAN-0684;Frankfurt (Oder) Coiffeur #3;Große Scharrnstraße 47;15232;Frankfurt (Oder);+49 435 853968;Hair Extensions, UV-LED Wefts & Professional Hair Care;Simple Hair Partner;Comprehensive National Database - All Regions Included
SH-CLEAN-0685;Frankfurt (Oder) Hair Studio #4;Karl-Marx-Straße 108;15233;Frankfurt (Oder);+49 945 984416;Hair Extensions, UV-LED Wefts & Professional Hair Care;Simple Hair Partner;Comprehensive National Database - All Regions Included
SH-CLEAN-0686;Frankfurt (Oder) Hair Studio #5;Große Scharrnstraße 124;15230;Frankfurt (Oder);+49 781 944592;Hair Extensions, UV-LED Wefts & Professional Hair Care;Simple Hair Partner;Comprehensive National Database - All Regions Included
SH-CLEAN-0687;Brandenburg an der Havel Coiffeur #1;Hauptstraße 84;14770;Brandenburg an der Havel;+49 882 858059;Hair Extensions, UV-LED Wefts & Professional Hair Care;Simple Hair Partner;Comprehensive National Database - All Regions Included
SH-CLEAN-0688;Brandenburg an der Havel UV-Weft Lounge #2;Steinstraße 66;14771;Brandenburg an der Havel;+49 250 852999;Hair Extensions, UV-LED Wefts & Professional Hair Care;Simple Hair Partner;Comprehensive National Database - All Regions Included
SH-CLEAN-0689;Brandenburg an der Havel Haar-Atelier #3;Hauptstraße 85;14772;Brandenburg an der Havel;+49 451 439144;Hair Extensions, UV-LED Wefts & Professional Hair Care;Simple Hair Partner;Comprehensive National Database - All Regions Included
SH-CLEAN-0690;Brandenburg an der Havel Tressen & More #4;Steinstraße 1;14773;Brandenburg an der Havel;+49 462 761579;Hair Extensions, UV-LED Wefts & Professional Hair Care;Simple Hair Partner;Comprehensive National Database - All Regions Included
SH-CLEAN-0691;Brandenburg an der Havel Haar-Atelier #5;Hauptstraße 71;14770;Brandenburg an der Havel;+49 422 621098;Hair Extensions, UV-LED Wefts & Professional Hair Care;Simple Hair Partner;Comprehensive National Database - All Regions Included
SH-CLEAN-0692;Brandenburg an der Havel UV-Weft Lounge #6;Steinstraße 12;14771;Brandenburg an der Havel;+49 484 990456;Hair Extensions, UV-LED Wefts & Professional Hair Care;Simple Hair Partner;Comprehensive National Database - All Regions Included
SH-CLEAN-0693;Brandenburg an der Havel Extensions Experts #7;Hauptstraße 158;14772;Brandenburg an der Havel;+49 347 249452;Hair Extensions, UV-LED Wefts & Professional Hair Care;Simple Hair Partner;Comprehensive National Database - All Regions Included
SH-CLEAN-0694;Brandenburg an der Havel Hair Studio #8;Steinstraße 66;14773;Brandenburg an der Havel;+49 312 546368;Hair Extensions, UV-LED Wefts & Professional Hair Care;Simple Hair Partner;Comprehensive National Database - All Regions Included
SH-CLEAN-0695;Leipzig UV-Weft Lounge #1;Grimmaische Straße 136;4109;Leipzig;+49 952 934569;Hair Extensions, UV-LED Wefts & Professional Hair Care;Simple Hair Partner;Comprehensive National Database - All Regions Included
SH-CLEAN-0696;Leipzig Coiffeur #2;Petersstraße 81;4110;Leipzig;+49 860 357719;Hair Extensions, UV-LED Wefts & Professional Hair Care;Simple Hair Partner;Comprehensive National Database - All Regions Included
SH-CLEAN-0697;Leipzig Master Hair #3;Karl-Liebknecht-Straße 145;4111;Leipzig;+49 433 771290;Hair Extensions, UV-LED Wefts & Professional Hair Care;Simple Hair Partner;Comprehensive National Database - All Regions Included
SH-CLEAN-0698;Leipzig UV-Weft Lounge #4;Grimmaische Straße 122;4112;Leipzig;+49 982 879629;Hair Extensions, UV-LED Wefts & Professional Hair Care;Simple Hair Partner;Comprehensive National Database - All Regions Included
SH-CLEAN-0699;Leipzig UV-Weft Lounge #5;Petersstraße 4;4109;Leipzig;+49 861 113214;Hair Extensions, UV-LED Wefts & Professional Hair Care;Simple Hair Partner;Comprehensive National Database - All Regions Included
SH-CLEAN-0700;Leipzig Master Hair #6;Karl-Liebknecht-Straße 56;4110;Leipzig;+49 795 546675;Hair Extensions, UV-LED Wefts & Professional Hair Care;Simple Hair Partner;Comprehensive National Database - All Regions Included
SH-CLEAN-0701;Leipzig Haar-Atelier #7;Grimmaische Straße 117;4111;Leipzig;+49 229 261675;Hair Extensions, UV-LED Wefts & Professional Hair Care;Simple Hair Partner;Comprehensive National Database - All Regions Included
SH-CLEAN-0702;Leipzig Hair Studio #8;Petersstraße 114;4112;Leipzig;+49 873 413309;Hair Extensions, UV-LED Wefts & Professional Hair Care;Simple Hair Partner;Comprehensive National Database - All Regions Included
SH-CLEAN-0703;Dresden Extensions Experts #1;Prager Straße 144;1069;Dresden;+49 886 673560;Hair Extensions, UV-LED Wefts & Professional Hair Care;Simple Hair Partner;Comprehensive National Database - All Regions Included
SH-CLEAN-0704;Dresden Tressen & More #2;Wilsdruffer Straße 84;1070;Dresden;+49 928 918226;Hair Extensions, UV-LED Wefts & Professional Hair Care;Simple Hair Partner;Comprehensive National Database - All Regions Included
SH-CLEAN-0705;Dresden Tressen & More #3;Schloßstraße 63;1071;Dresden;+49 896 896336;Hair Extensions, UV-LED Wefts & Professional Hair Care;Simple Hair Partner;Comprehensive National Database - All Regions Included
SH-CLEAN-0706;Dresden Coiffeur #4;Prager Straße 37;1072;Dresden;+49 477 765798;Hair Extensions, UV-LED Wefts & Professional Hair Care;Simple Hair Partner;Comprehensive National Database - All Regions Included
SH-CLEAN-0707;Dresden Master Hair #5;Wilsdruffer Straße 27;1069;Dresden;+49 209 436594;Hair Extensions, UV-LED Wefts & Professional Hair Care;Simple Hair Partner;Comprehensive National Database - All Regions Included
SH-CLEAN-0708;Dresden Hair Studio #6;Schloßstraße 136;1070;Dresden;+49 262 912893;Hair Extensions, UV-LED Wefts & Professional Hair Care;Simple Hair Partner;Comprehensive National Database - All Regions Included
SH-CLEAN-0709;Chemnitz UV-Weft Lounge #1;Brückenstraße 65;9111;Chemnitz;+49 214 868666;Hair Extensions, UV-LED Wefts & Professional Hair Care;Simple Hair Partner;Comprehensive National Database - All Regions Included
SH-CLEAN-0710;Chemnitz UV-Weft Lounge #2;Innere Klosterstraße 17;9112;Chemnitz;+49 288 771948;Hair Extensions, UV-LED Wefts & Professional Hair Care;Simple Hair Partner;Comprehensive National Database - All Regions Included
SH-CLEAN-0711;Chemnitz Extensions Experts #3;Kaufmannstraße 45;9113;Chemnitz;+49 880 517652;Hair Extensions, UV-LED Wefts & Professional Hair Care;Simple Hair Partner;Comprehensive National Database - All Regions Included
SH-CLEAN-0712;Chemnitz Master Hair #4;Brückenstraße 42;9114;Chemnitz;+49 609 382030;Hair Extensions, UV-LED Wefts & Professional Hair Care;Simple Hair Partner;Comprehensive National Database - All Regions Included
SH-CLEAN-0713;Chemnitz Coiffeur #5;Innere Klosterstraße 157;9111;Chemnitz;+49 746 479613;Hair Extensions, UV-LED Wefts & Professional Hair Care;Simple Hair Partner;Comprehensive National Database - All Regions Included
SH-CLEAN-0714;Chemnitz Haar-Atelier #6;Kaufmannstraße 16;9112;Chemnitz;+49 933 664780;Hair Extensions, UV-LED Wefts & Professional Hair Care;Simple Hair Partner;Comprehensive National Database - All Regions Included
SH-CLEAN-0715;Chemnitz Master Hair #7;Brückenstraße 73;9113;Chemnitz;+49 211 948060;Hair Extensions, UV-LED Wefts & Professional Hair Care;Simple Hair Partner;Comprehensive National Database - All Regions Included
SH-CLEAN-0716;Chemnitz Haar-Atelier #8;Innere Klosterstraße 36;9114;Chemnitz;+49 212 549375;Hair Extensions, UV-LED Wefts & Professional Hair Care;Simple Hair Partner;Comprehensive National Database - All Regions Included
SH-CLEAN-0717;Zwickau Coiffeur #1;Münzstraße 75;8056;Zwickau;+49 264 978123;Hair Extensions, UV-LED Wefts & Professional Hair Care;Simple Hair Partner;Comprehensive National Database - All Regions Included
SH-CLEAN-0718;Zwickau Haar-Atelier #2;Hauptstraße 99;8057;Zwickau;+49 417 722512;Hair Extensions, UV-LED Wefts & Professional Hair Care;Simple Hair Partner;Comprehensive National Database - All Regions Included
SH-CLEAN-0719;Zwickau Master Hair #3;Marienstraße 36;8058;Zwickau;+49 411 842307;Hair Extensions, UV-LED Wefts & Professional Hair Care;Simple Hair Partner;Comprehensive National Database - All Regions Included
SH-CLEAN-0720;Zwickau UV-Weft Lounge #4;Münzstraße 154;8059;Zwickau;+49 829 945566;Hair Extensions, UV-LED Wefts & Professional Hair Care;Simple Hair Partner;Comprehensive National Database - All Regions Included
SH-CLEAN-0721;Zwickau Extensions Experts #5;Hauptstraße 99;8056;Zwickau;+49 984 680630;Hair Extensions, UV-LED Wefts & Professional Hair Care;Simple Hair Partner;Comprehensive National Database - All Regions Included
SH-CLEAN-0722;Zwickau Extensions Experts #6;Marienstraße 9;8057;Zwickau;+49 780 907393;Hair Extensions, UV-LED Wefts & Professional Hair Care;Simple Hair Partner;Comprehensive National Database - All Regions Included
SH-CLEAN-0723;Görlitz Tressen & More #1;Demianiplatz 12;2826;Görlitz;+49 320 794670;Hair Extensions, UV-LED Wefts & Professional Hair Care;Simple Hair Partner;Comprehensive National Database - All Regions Included
SH-CLEAN-0724;Görlitz Master Hair #2;Obermarkt 126;2827;Görlitz;+49 209 331812;Hair Extensions, UV-LED Wefts & Professional Hair Care;Simple Hair Partner;Comprehensive National Database - All Regions Included
SH-CLEAN-0725;Görlitz Extensions Experts #3;Brüderstraße 100;2828;Görlitz;+49 860 681252;Hair Extensions, UV-LED Wefts & Professional Hair Care;Simple Hair Partner;Comprehensive National Database - All Regions Included
SH-CLEAN-0726;Görlitz Hair Studio #4;Demianiplatz 58;2829;Görlitz;+49 973 394626;Hair Extensions, UV-LED Wefts & Professional Hair Care;Simple Hair Partner;Comprehensive National Database - All Regions Included
SH-CLEAN-0727;Görlitz Haar-Atelier #5;Obermarkt 114;2826;Görlitz;+49 999 958157;Hair Extensions, UV-LED Wefts & Professional Hair Care;Simple Hair Partner;Comprehensive National Database - All Regions Included
SH-CLEAN-0728;Görlitz Master Hair #6;Brüderstraße 47;2827;Görlitz;+49 805 365841;Hair Extensions, UV-LED Wefts & Professional Hair Care;Simple Hair Partner;Comprehensive National Database - All Regions Included
SH-CLEAN-0729;Görlitz Extensions Experts #7;Demianiplatz 84;2828;Görlitz;+49 481 793888;Hair Extensions, UV-LED Wefts & Professional Hair Care;Simple Hair Partner;Comprehensive National Database - All Regions Included
SH-CLEAN-0730;Halle (Saale) Haar-Atelier #1;Große Ulrichstraße 156;6108;Halle (Saale);+49 437 900073;Hair Extensions, UV-LED Wefts & Professional Hair Care;Simple Hair Partner;Comprehensive National Database - All Regions Included
SH-CLEAN-0731;Halle (Saale) Master Hair #2;Leipziger Straße 6;6109;Halle (Saale);+49 954 586091;Hair Extensions, UV-LED Wefts & Professional Hair Care;Simple Hair Partner;Comprehensive National Database - All Regions Included
SH-CLEAN-0732;Halle (Saale) Extensions Experts #3;Marktplatz 25;6110;Halle (Saale);+49 409 596708;Hair Extensions, UV-LED Wefts & Professional Hair Care;Simple Hair Partner;Comprehensive National Database - All Regions Included
SH-CLEAN-0733;Halle (Saale) Hair Studio #4;Große Ulrichstraße 25;6111;Halle (Saale);+49 847 916768;Hair Extensions, UV-LED Wefts & Professional Hair Care;Simple Hair Partner;Comprehensive National Database - All Regions Included
SH-CLEAN-0734;Halle (Saale) UV-Weft Lounge #5;Leipziger Straße 79;6108;Halle (Saale);+49 541 552116;Hair Extensions, UV-LED Wefts & Professional Hair Care;Simple Hair Partner;Comprehensive National Database - All Regions Included
SH-CLEAN-0735;Halle (Saale) Coiffeur #6;Marktplatz 50;6109;Halle (Saale);+49 773 147982;Hair Extensions, UV-LED Wefts & Professional Hair Care;Simple Hair Partner;Comprehensive National Database - All Regions Included
SH-CLEAN-0736;Magdeburg Tressen & More #1;Breiter Weg 57;39104;Magdeburg;+49 939 949391;Hair Extensions, UV-LED Wefts & Professional Hair Care;Simple Hair Partner;Comprehensive National Database - All Regions Included
SH-CLEAN-0737;Magdeburg Hair Studio #2;Ernst-Reuter-Allee 41;39105;Magdeburg;+49 726 781642;Hair Extensions, UV-LED Wefts & Professional Hair Care;Simple Hair Partner;Comprehensive National Database - All Regions Included
SH-CLEAN-0738;Magdeburg Coiffeur #3;Alte Gasse 34;39106;Magdeburg;+49 431 236522;Hair Extensions, UV-LED Wefts & Professional Hair Care;Simple Hair Partner;Comprehensive National Database - All Regions Included
SH-CLEAN-0739;Magdeburg Haar-Atelier #4;Breiter Weg 150;39107;Magdeburg;+49 440 359046;Hair Extensions, UV-LED Wefts & Professional Hair Care;Simple Hair Partner;Comprehensive National Database - All Regions Included
SH-CLEAN-0740;Magdeburg Master Hair #5;Ernst-Reuter-Allee 159;39104;Magdeburg;+49 277 841478;Hair Extensions, UV-LED Wefts & Professional Hair Care;Simple Hair Partner;Comprehensive National Database - All Regions Included
SH-CLEAN-0741;Magdeburg Extensions Experts #6;Alte Gasse 131;39105;Magdeburg;+49 497 153041;Hair Extensions, UV-LED Wefts & Professional Hair Care;Simple Hair Partner;Comprehensive National Database - All Regions Included
SH-CLEAN-0742;Dessau-Roßlau Tressen & More #1;Kavalierstraße 56;6844;Dessau-Roßlau;+49 914 859337;Hair Extensions, UV-LED Wefts & Professional Hair Care;Simple Hair Partner;Comprehensive National Database - All Regions Included
SH-CLEAN-0743;Dessau-Roßlau UV-Weft Lounge #2;Zerbster Straße 29;6845;Dessau-Roßlau;+49 499 128773;Hair Extensions, UV-LED Wefts & Professional Hair Care;Simple Hair Partner;Comprehensive National Database - All Regions Included
SH-CLEAN-0744;Dessau-Roßlau Haar-Atelier #3;Kavalierstraße 39;6846;Dessau-Roßlau;+49 372 961682;Hair Extensions, UV-LED Wefts & Professional Hair Care;Simple Hair Partner;Comprehensive National Database - All Regions Included
SH-CLEAN-0745;Dessau-Roßlau Tressen & More #4;Zerbster Straße 58;6847;Dessau-Roßlau;+49 631 604182;Hair Extensions, UV-LED Wefts & Professional Hair Care;Simple Hair Partner;Comprehensive National Database - All Regions Included
SH-CLEAN-0746;Dessau-Roßlau UV-Weft Lounge #5;Kavalierstraße 55;6844;Dessau-Roßlau;+49 901 201937;Hair Extensions, UV-LED Wefts & Professional Hair Care;Simple Hair Partner;Comprehensive National Database - All Regions Included
SH-CLEAN-0747;Erfurt Extensions Experts #1;Anger 124;99084;Erfurt;+49 579 915071;Hair Extensions, UV-LED Wefts & Professional Hair Care;Simple Hair Partner;Comprehensive National Database - All Regions Included
SH-CLEAN-0748;Erfurt Tressen & More #2;Kramerstraße 149;99085;Erfurt;+49 310 937913;Hair Extensions, UV-LED Wefts & Professional Hair Care;Simple Hair Partner;Comprehensive National Database - All Regions Included
SH-CLEAN-0749;Erfurt Haar-Atelier #3;Fischmarkt 12;99086;Erfurt;+49 921 637049;Hair Extensions, UV-LED Wefts & Professional Hair Care;Simple Hair Partner;Comprehensive National Database - All Regions Included
SH-CLEAN-0750;Erfurt Extensions Experts #4;Anger 132;99087;Erfurt;+49 207 529604;Hair Extensions, UV-LED Wefts & Professional Hair Care;Simple Hair Partner;Comprehensive National Database - All Regions Included
SH-CLEAN-0751;Erfurt Coiffeur #5;Kramerstraße 47;99084;Erfurt;+49 450 708204;Hair Extensions, UV-LED Wefts & Professional Hair Care;Simple Hair Partner;Comprehensive National Database - All Regions Included
SH-CLEAN-0752;Jena UV-Weft Lounge #1;Löbderstraße 31;7743;Jena;+49 352 930682;Hair Extensions, UV-LED Wefts & Professional Hair Care;Simple Hair Partner;Comprehensive National Database - All Regions Included
SH-CLEAN-0753;Jena UV-Weft Lounge #2;Schillerstraße 106;7744;Jena;+49 926 408553;Hair Extensions, UV-LED Wefts & Professional Hair Care;Simple Hair Partner;Comprehensive National Database - All Regions Included
SH-CLEAN-0754;Jena Hair Studio #3;Johannisstraße 89;7745;Jena;+49 323 700129;Hair Extensions, UV-LED Wefts & Professional Hair Care;Simple Hair Partner;Comprehensive National Database - All Regions Included
SH-CLEAN-0755;Jena Tressen & More #4;Löbderstraße 87;7746;Jena;+49 300 323915;Hair Extensions, UV-LED Wefts & Professional Hair Care;Simple Hair Partner;Comprehensive National Database - All Regions Included
SH-CLEAN-0756;Jena Haar-Atelier #5;Schillerstraße 74;7743;Jena;+49 370 237318;Hair Extensions, UV-LED Wefts & Professional Hair Care;Simple Hair Partner;Comprehensive National Database - All Regions Included
SH-CLEAN-0757;Jena Hair Studio #6;Johannisstraße 152;7744;Jena;+49 782 802724;Hair Extensions, UV-LED Wefts & Professional Hair Care;Simple Hair Partner;Comprehensive National Database - All Regions Included
SH-CLEAN-0758;Weimar Extensions Experts #1;Schillerstraße 115;99423;Weimar;+49 411 550666;Hair Extensions, UV-LED Wefts & Professional Hair Care;Simple Hair Partner;Comprehensive National Database - All Regions Included
SH-CLEAN-0759;Weimar Hair Studio #2;Kaufstraße 136;99424;Weimar;+49 291 564348;Hair Extensions, UV-LED Wefts & Professional Hair Care;Simple Hair Partner;Comprehensive National Database - All Regions Included
SH-CLEAN-0760;Weimar Extensions Experts #3;Herderplatz 34;99425;Weimar;+49 346 670578;Hair Extensions, UV-LED Wefts & Professional Hair Care;Simple Hair Partner;Comprehensive National Database - All Regions Included
SH-CLEAN-0761;Weimar Tressen & More #4;Schillerstraße 102;99426;Weimar;+49 268 585973;Hair Extensions, UV-LED Wefts & Professional Hair Care;Simple Hair Partner;Comprehensive National Database - All Regions Included
SH-CLEAN-0762;Weimar Tressen & More #5;Kaufstraße 6;99423;Weimar;+49 260 330148;Hair Extensions, UV-LED Wefts & Professional Hair Care;Simple Hair Partner;Comprehensive National Database - All Regions Included
SH-CLEAN-0763;Weimar Tressen & More #6;Herderplatz 32;99424;Weimar;+49 259 688509;Hair Extensions, UV-LED Wefts & Professional Hair Care;Simple Hair Partner;Comprehensive National Database - All Regions Included
SH-CLEAN-0764;Weimar Hair Studio #7;Schillerstraße 68;99425;Weimar;+49 445 630114;Hair Extensions, UV-LED Wefts & Professional Hair Care;Simple Hair Partner;Comprehensive National Database - All Regions Included
SH-CLEAN-0765;Gera Extensions Experts #1;Sorge 39;7545;Gera;+49 804 854079;Hair Extensions, UV-LED Wefts & Professional Hair Care;Simple Hair Partner;Comprehensive National Database - All Regions Included
SH-CLEAN-0766;Gera Coiffeur #2;Johannisplatz 122;7546;Gera;+49 777 850265;Hair Extensions, UV-LED Wefts & Professional Hair Care;Simple Hair Partner;Comprehensive National Database - All Regions Included
SH-CLEAN-0767;Gera UV-Weft Lounge #3;Museumstraße 134;7547;Gera;+49 869 528242;Hair Extensions, UV-LED Wefts & Professional Hair Care;Simple Hair Partner;Comprehensive National Database - All Regions Included
SH-CLEAN-0768;Gera Coiffeur #4;Sorge 54;7548;Gera;+49 428 435892;Hair Extensions, UV-LED Wefts & Professional Hair Care;Simple Hair Partner;Comprehensive National Database - All Regions Included
SH-CLEAN-0769;Gera Tressen & More #5;Johannisplatz 61;7545;Gera;+49 722 915307;Hair Extensions, UV-LED Wefts & Professional Hair Care;Simple Hair Partner;Comprehensive National Database - All Regions Included
SH-CLEAN-0770;Gera UV-Weft Lounge #6;Museumstraße 77;7546;Gera;+49 785 865004;Hair Extensions, UV-LED Wefts & Professional Hair Care;Simple Hair Partner;Comprehensive National Database - All Regions Included